Rk,Pos,Age,G,GS,MP,FG,FGA,FG%,3P,3PA,3P%,2P,2PA,2P%,eFG%,FT,FTA,FT%,ORB,DRB,TRB,AST,STL,BLK,TOV,PF,PTS
162,C,23,14,0,2.7,0.3,0.4,0.667,0.0,0.0,0.0,0.3,0.4,0.667,0.667,0.1,0.2,0.667,0.2,0.4,0.6,0.1,0.0,0.1,0.4,0.4,0.7
151,C,24,1,0,3.0,0.0,0.0,0.0,0.0,0.0,0.0,0.0,0.0,0.0,0.0,0.0,0.0,0.0,0.0,0.0,0.0,0.0,0.0,0.0,0.0,0.0,0.0
188,C,29,41,41,32.4,5.7,7.9,0.7140000000000001,0.0,0.0,0.0,5.7,7.9,0.716,0.7140000000000001,4.7,6.9,0.688,3.6,11.4,15.0,1.1,0.8,2.3,1.9,2.7,16.0
437,C,26,38,37,28.9,5.7,9.5,0.594,0.0,0.0,0.0,5.7,9.5,0.594,0.594,1.1,2.7,0.426,4.1,5.0,9.1,2.7,0.7,1.6,1.6,3.0,12.4
159,C,24,41,8,12.4,1.7,3.2,0.515,0.0,0.1,0.16699999999999998,1.6,3.1,0.532,0.519,1.3,1.7,0.757,1.2,2.8,3.9,1.0,0.3,0.6,1.0,1.3,4.6
463,C,24,33,5,8.9,1.5,2.2,0.685,0.0,0.0,0.0,1.5,2.2,0.685,0.685,0.7,0.9,0.828,0.8,1.3,2.1,0.3,0.3,0.6,0.5,1.3,3.8
446,C,23,3,0,10.3,1.7,3.7,0.455,0.0,0.7,0.0,1.7,3.0,0.556,0.455,0.7,0.7,1.0,1.3,1.7,3.0,0.0,0.3,0.3,0.3,1.3,4.0
246,C,36,36,10,15.0,1.9,3.1,0.622,0.2,0.3,0.667,1.8,2.8,0.618,0.649,1.3,2.1,0.635,1.9,3.6,5.5,0.6,0.8,0.6,0.9,2.0,5.3
307,C,26,1,0,3.0,0.0,1.0,0.0,0.0,0.0,0.0,0.0,1.0,0.0,0.0,0.0,0.0,0.0,1.0,0.0,1.0,0.0,0.0,0.0,0.0,1.0,0.0
421,C,22,3,0,9.0,1.0,2.0,0.5,0.0,0.3,0.0,1.0,1.7,0.6,0.5,1.0,1.7,0.6,0.3,1.3,1.7,0.0,0.0,0.7,0.0,0.3,3.0
130,C,23,1,0,3.0,0.0,0.0,0.0,0.0,0.0,0.0,0.0,0.0,0.0,0.0,0.0,0.0,0.0,0.0,1.0,1.0,0.0,1.0,0.0,0.0,1.0,0.0
223,C,21,33,0,14.0,2.5,4.2,0.583,0.2,0.5,0.33299999999999996,2.3,3.8,0.613,0.601,1.8,2.4,0.7440000000000001,1.3,2.1,3.4,0.4,0.3,0.7,0.6,1.9,6.8
545,C,31,37,37,33.2,6.9,15.7,0.43799999999999994,1.6,5.0,0.326,5.2,10.7,0.49,0.49,1.0,1.4,0.731,1.9,9.2,11.1,3.5,1.1,1.2,1.5,2.2,16.4
249,C,23,4,0,5.0,0.0,0.8,0.0,0.0,0.5,0.0,0.0,0.3,0.0,0.0,0.0,0.0,0.0,0.3,0.8,1.0,0.3,0.3,0.3,0.3,0.3,0.0
469,C,21,41,33,23.0,2.7,6.5,0.408,1.1,3.3,0.336,1.5,3.2,0.485,0.494,0.7,1.0,0.7070000000000001,1.6,4.2,5.9,1.0,0.6,0.3,0.8,1.6,7.1
392,C,30,38,0,13.5,2.6,5.6,0.465,1.6,3.7,0.439,1.0,1.9,0.514,0.608,1.2,1.3,0.88,0.4,2.5,2.9,0.5,0.4,0.6,0.3,1.3,8.0
377,C,31,2,0,9.0,2.0,4.0,0.5,0.0,0.0,0.0,2.0,4.0,0.5,0.5,0.0,0.0,0.0,3.5,1.5,5.0,0.5,0.5,0.5,1.0,1.0,4.0
254,C,32,28,8,15.4,2.5,5.5,0.45799999999999996,0.8,2.0,0.4,1.7,3.5,0.49,0.529,0.5,0.8,0.667,1.2,2.9,4.1,1.1,0.2,0.7,1.1,1.7,6.3
358,C,34,40,12,16.2,4.3,6.5,0.6559999999999999,0.0,0.1,0.25,4.2,6.4,0.6629999999999999,0.6579999999999999,1.5,2.3,0.6779999999999999,2.2,4.7,6.9,0.7,0.3,0.8,1.5,2.6,10.1
403,C,27,18,10,23.0,1.3,2.6,0.511,0.0,0.2,0.0,1.3,2.4,0.545,0.511,0.8,1.0,0.833,2.2,3.7,5.8,0.8,1.1,1.5,0.8,2.7,3.5
588,C,23,36,10,15.1,2.7,5.2,0.521,0.0,0.2,0.14300000000000002,2.7,5.0,0.536,0.524,0.9,1.4,0.64,1.8,4.6,6.4,1.1,0.4,0.5,0.9,1.8,6.4
589,C,29,27,0,13.1,1.9,3.3,0.5670000000000001,0.0,0.1,0.0,1.9,3.2,0.593,0.5670000000000001,1.4,1.8,0.7759999999999999,1.9,2.8,4.6,0.8,0.3,0.2,0.7,2.1,5.2
581,C,26,44,43,30.8,6.4,13.4,0.48100000000000004,1.8,4.8,0.365,4.7,8.6,0.546,0.547,2.9,4.6,0.623,1.7,8.6,10.3,2.2,0.8,0.9,1.8,2.4,17.5
406,C,27,42,42,27.1,5.5,10.1,0.54,0.2,1.0,0.209,5.2,9.1,0.5770000000000001,0.551,3.2,4.5,0.7070000000000001,2.7,8.1,10.8,2.8,1.2,0.6,2.4,3.4,14.3
288,C,21,13,0,2.8,0.3,0.5,0.667,0.0,0.1,0.0,0.3,0.4,0.8,0.667,0.1,0.3,0.25,0.1,0.4,0.5,0.2,0.0,0.0,0.4,0.2,0.7
161,C,30,31,13,16.0,2.4,4.7,0.49700000000000005,0.1,0.4,0.16699999999999998,2.3,4.4,0.526,0.503,0.3,0.6,0.556,1.5,3.2,4.7,0.8,0.4,0.2,0.2,1.5,5.1
329,C,33,22,9,18.6,3.8,6.5,0.583,0.0,0.2,0.25,3.8,6.4,0.593,0.5870000000000001,0.9,1.5,0.594,2.3,1.5,3.8,1.9,0.0,0.5,1.3,2.0,8.5
492,C,22,9,0,3.9,0.4,1.7,0.267,0.1,0.6,0.2,0.3,1.1,0.3,0.3,0.9,1.2,0.727,0.6,0.6,1.1,0.0,0.1,0.1,0.2,0.7,1.9
160,C,26,11,1,5.4,0.5,1.1,0.41700000000000004,0.0,0.0,0.0,0.5,1.1,0.41700000000000004,0.41700000000000004,0.2,0.6,0.28600000000000003,0.6,1.5,2.1,0.2,0.0,0.5,0.3,0.3,1.1
49,C,29,7,0,18.9,3.4,5.0,0.6859999999999999,0.0,0.0,0.0,3.4,5.0,0.6859999999999999,0.6859999999999999,1.7,3.0,0.5710000000000001,2.7,3.3,6.0,0.9,0.9,1.1,0.9,2.0,8.6
413,C,21,13,6,24.7,3.8,5.1,0.758,0.0,0.0,0.0,3.8,5.1,0.758,0.758,1.8,2.6,0.706,2.4,3.8,6.2,1.2,0.7,1.8,1.3,3.5,9.5
327,C,25,46,46,20.5,2.5,4.7,0.547,0.0,0.0,0.0,2.5,4.6,0.5489999999999999,0.547,1.0,1.6,0.635,2.7,4.6,7.3,1.6,0.6,0.8,0.9,2.6,6.1
221,C,41,8,0,6.5,1.3,2.5,0.5,0.1,0.3,0.5,1.1,2.3,0.5,0.525,0.4,0.4,1.0,0.5,1.6,2.1,0.3,0.1,0.1,0.3,1.4,3.0
548,C,24,37,0,12.0,2.5,5.1,0.484,1.0,2.8,0.35600000000000004,1.5,2.3,0.64,0.5820000000000001,1.3,1.6,0.787,0.5,1.9,2.4,0.9,0.2,0.3,0.7,1.9,7.3
8,C,23,39,39,32.7,6.7,9.6,0.695,0.0,0.2,0.125,6.6,9.4,0.708,0.6970000000000001,2.9,4.2,0.6970000000000001,3.3,7.6,10.9,1.8,0.8,1.4,1.9,1.8,16.3
5,C,36,32,10,23.1,5.9,10.3,0.574,0.4,1.1,0.33299999999999996,5.6,9.2,0.603,0.5920000000000001,1.6,1.8,0.862,1.5,4.1,5.7,0.9,0.4,1.1,0.8,1.7,13.8
94,C,22,38,37,29.1,5.0,10.1,0.49200000000000005,1.3,3.8,0.336,3.7,6.3,0.585,0.555,2.1,2.9,0.716,2.1,8.0,10.1,2.7,0.7,0.7,1.6,2.7,13.3
47,C,29,23,7,21.0,2.2,4.5,0.495,0.0,0.3,0.0,2.2,4.1,0.537,0.495,1.3,1.8,0.738,2.7,2.5,5.2,1.2,0.8,0.5,0.7,1.7,5.8
519,C,24,3,0,2.7,0.0,0.3,0.0,0.0,0.0,0.0,0.0,0.3,0.0,0.0,0.0,0.7,0.0,0.0,0.7,0.7,0.3,0.3,0.0,0.0,0.3,0.0
1,C,22,34,20,25.3,3.4,8.1,0.41200000000000003,0.3,1.3,0.233,3.1,6.9,0.444,0.43,0.9,1.6,0.574,2.4,5.3,7.7,1.3,0.6,0.6,1.1,2.2,7.9
462,C,22,42,5,16.5,3.2,6.9,0.457,0.8,2.5,0.34,2.3,4.5,0.521,0.517,1.6,2.2,0.736,1.5,2.6,4.1,0.8,0.5,1.0,1.0,2.2,8.8
575,C,24,36,36,29.5,4.3,5.9,0.7390000000000001,0.0,0.0,0.0,4.3,5.9,0.7390000000000001,0.7390000000000001,1.2,1.7,0.6890000000000001,3.9,5.4,9.3,1.8,0.8,2.1,1.3,2.1,9.8
21,C,23,28,28,29.9,7.3,11.5,0.637,0.1,0.3,0.25,7.3,11.2,0.6459999999999999,0.64,2.0,2.9,0.713,2.8,7.8,10.6,1.5,0.8,0.8,1.7,2.2,16.8
91,C,27,37,36,29.6,5.2,9.1,0.573,0.0,0.0,0.0,5.2,9.1,0.574,0.573,1.2,2.6,0.46399999999999997,4.1,8.8,12.9,1.5,0.8,1.5,0.6,2.4,11.6
367,C,24,31,19,22.5,3.5,8.3,0.42200000000000004,1.0,3.7,0.278,2.5,4.6,0.5379999999999999,0.484,1.0,1.4,0.7440000000000001,0.6,5.5,6.1,1.1,0.9,0.6,0.9,1.5,9.1
92,C,20,3,1,4.7,1.0,2.0,0.5,0.0,0.0,0.0,1.0,2.0,0.5,0.5,0.7,1.0,0.667,0.7,0.3,1.0,0.0,0.3,0.0,0.3,0.3,2.7
125,C,32,13,2,8.7,0.7,0.9,0.75,0.0,0.0,0.0,0.7,0.9,0.75,0.75,0.1,0.5,0.16699999999999998,0.4,2.5,2.8,0.1,0.2,0.5,0.2,1.3,1.5
135,C,32,32,3,9.7,1.2,2.6,0.46399999999999997,0.6,1.4,0.413,0.6,1.2,0.526,0.5770000000000001,0.5,0.7,0.7390000000000001,0.9,2.3,3.2,0.9,0.3,0.4,0.5,1.4,3.6
50,C,33,46,0,15.2,2.3,5.3,0.446,0.9,2.5,0.348,1.5,2.8,0.535,0.529,0.8,1.2,0.685,0.8,3.2,4.0,1.7,0.6,0.3,1.1,1.6,6.4
417,C,30,12,1,22.6,4.5,10.1,0.446,1.3,4.3,0.314,3.2,5.8,0.5429999999999999,0.512,2.3,3.6,0.628,1.4,4.1,5.5,2.8,1.3,0.7,1.5,2.8,12.6
320,C,28,30,9,17.4,2.6,5.0,0.523,0.2,0.6,0.316,2.4,4.4,0.5529999999999999,0.5429999999999999,1.1,1.7,0.654,1.6,3.2,4.8,1.2,0.3,0.8,1.3,2.9,6.6
461,C,22,21,2,8.8,1.0,2.0,0.465,0.0,0.2,0.0,1.0,1.9,0.513,0.465,0.1,0.4,0.375,1.0,1.3,2.2,0.5,0.6,0.5,0.3,1.3,2.0
2,C,28,44,43,25.7,2.6,4.9,0.521,0.0,0.0,0.0,2.6,4.9,0.521,0.521,1.6,2.8,0.5660000000000001,4.3,4.9,9.3,3.0,1.0,0.6,1.6,1.7,6.7
243,C,35,38,38,29.0,4.0,9.0,0.449,1.2,4.2,0.285,2.8,4.8,0.59,0.515,1.5,1.7,0.862,1.5,5.8,7.3,3.6,0.6,1.4,1.1,2.2,10.7
292,C,33,29,18,13.0,2.0,3.0,0.674,0.0,0.0,0.0,2.0,3.0,0.674,0.674,0.3,0.6,0.588,1.6,4.0,5.5,0.4,0.3,0.9,0.7,1.7,4.3
147,C,28,40,11,18.6,2.6,5.0,0.53,0.0,0.0,0.0,2.6,4.9,0.5329999999999999,0.53,1.0,1.9,0.532,2.8,6.1,8.9,1.9,1.2,1.0,1.7,2.5,6.3
565,C,32,36,3,16.4,3.3,5.2,0.626,0.0,0.0,0.0,3.3,5.2,0.626,0.626,1.7,2.5,0.685,2.3,4.6,6.8,0.3,0.3,1.3,0.9,2.9,8.2
534,C,26,38,38,34.6,8.7,16.7,0.519,2.2,5.4,0.408,6.5,11.3,0.5720000000000001,0.585,4.7,5.9,0.807,2.8,6.4,9.2,3.7,1.1,1.2,3.4,3.8,24.3
157,C,27,34,34,32.9,9.1,18.4,0.498,1.3,3.4,0.391,7.8,15.0,0.523,0.534,8.8,10.8,0.8140000000000001,2.0,8.7,10.6,4.2,1.0,1.4,3.0,2.6,28.4
432,C,28,3,0,6.3,1.0,1.7,0.6,0.0,0.0,0.0,1.0,1.7,0.6,0.6,0.0,0.0,0.0,1.0,1.0,2.0,0.0,0.0,0.3,0.7,0.3,2.0
174,C,23,43,43,21.7,4.0,5.7,0.691,0.0,0.0,0.0,4.0,5.7,0.691,0.691,1.4,1.9,0.738,2.3,4.0,6.3,1.0,0.4,1.7,1.0,2.4,9.3
339,C,33,16,0,5.9,2.2,3.5,0.625,0.1,0.2,0.33299999999999996,2.1,3.3,0.642,0.634,0.5,1.0,0.5,0.4,1.4,1.9,0.1,0.0,0.1,0.7,1.2,4.9
529,C,23,27,3,13.1,1.3,3.7,0.34299999999999997,0.8,2.4,0.32799999999999996,0.5,1.3,0.371,0.449,0.2,0.3,0.625,0.7,1.1,1.8,0.5,0.7,0.5,0.3,1.6,3.5
478,C,22,2,0,7.0,0.5,1.5,0.33299999999999996,0.0,0.5,0.0,0.5,1.0,0.5,0.33299999999999996,1.0,1.0,1.0,0.0,2.5,2.5,0.0,0.0,1.0,0.0,0.5,2.0
124,C,28,27,27,35.4,9.3,17.9,0.521,0.4,2.1,0.179,8.9,15.8,0.5660000000000001,0.531,4.3,6.0,0.727,2.7,7.1,9.9,2.9,1.2,2.0,2.2,2.3,23.3
172,C,29,30,1,12.6,1.6,2.9,0.545,0.0,0.1,0.25,1.6,2.8,0.56,0.551,0.7,0.9,0.846,1.9,2.8,4.7,0.2,0.2,0.5,0.6,1.3,4.0
63,C,24,31,7,12.5,1.7,2.9,0.5710000000000001,0.0,0.0,0.0,1.7,2.9,0.5710000000000001,0.5710000000000001,0.4,0.5,0.765,1.4,2.9,4.3,0.6,0.2,0.7,0.6,1.4,3.8
220,C,23,33,0,15.9,3.2,4.8,0.6629999999999999,0.1,0.1,0.667,3.2,4.8,0.662,0.669,1.1,1.7,0.6609999999999999,1.7,2.6,4.3,1.8,0.8,1.2,0.9,2.5,7.6
214,C,28,39,3,25.0,5.5,8.4,0.653,0.1,0.4,0.28600000000000003,5.4,8.1,0.67,0.66,3.3,4.5,0.7340000000000001,2.2,4.9,7.2,2.2,0.5,0.7,1.1,2.0,14.5
76,C,22,25,1,6.6,1.1,2.0,0.54,0.0,0.0,0.0,1.1,2.0,0.54,0.54,1.1,1.7,0.628,0.6,1.7,2.4,0.0,0.1,0.3,0.6,1.1,3.2
42,C,27,1,0,2.0,0.0,0.0,0.0,0.0,0.0,0.0,0.0,0.0,0.0,0.0,0.0,0.0,0.0,1.0,0.0,1.0,0.0,1.0,0.0,0.0,2.0,0.0
228,C,27,22,3,15.5,3.2,5.7,0.56,0.1,0.1,0.667,3.1,5.5,0.557,0.568,1.6,2.3,0.706,2.5,4.5,7.0,1.3,0.4,0.2,0.9,1.8,8.1
328,C,33,1,1,28.0,3.0,9.0,0.33299999999999996,2.0,4.0,0.5,1.0,5.0,0.2,0.444,0.0,0.0,0.0,2.0,3.0,5.0,0.0,1.0,3.0,0.0,3.0,8.0
590,C,24,43,43,24.6,3.8,5.7,0.675,0.0,0.0,0.0,3.8,5.7,0.675,0.675,2.1,2.8,0.754,2.8,5.3,8.1,1.2,0.5,1.0,1.3,2.5,9.8
477,C,25,44,43,34.9,7.0,12.2,0.5770000000000001,0.8,2.4,0.327,6.3,9.8,0.637,0.609,4.1,5.5,0.7440000000000001,3.2,8.7,11.9,4.9,1.0,0.4,3.0,3.1,19.0
468,C,23,42,33,25.1,3.5,4.5,0.7879999999999999,0.0,0.0,0.0,3.5,4.5,0.7879999999999999,0.7879999999999999,1.3,2.4,0.55,3.5,4.8,8.3,0.4,0.5,1.5,0.8,2.7,8.4
22,C,22,7,1,7.3,0.7,1.0,0.7140000000000001,0.0,0.0,0.0,0.7,1.0,0.7140000000000001,0.7140000000000001,0.1,0.3,0.5,0.3,1.4,1.7,0.0,0.1,0.6,0.7,0.7,1.6
286,C,23,42,33,29.2,3.5,7.0,0.502,0.7,1.7,0.4,2.9,5.4,0.5329999999999999,0.5489999999999999,1.4,1.8,0.8109999999999999,1.2,2.5,3.7,1.9,1.5,0.9,1.1,3.1,9.1
180,C,23,27,5,12.1,1.9,4.3,0.436,0.5,1.5,0.325,1.4,2.9,0.494,0.491,1.0,1.6,0.643,1.7,1.3,3.1,0.6,0.3,0.1,0.6,1.7,5.3
115,C,31,17,5,16.9,3.2,6.9,0.466,0.8,2.8,0.271,2.5,4.1,0.6,0.521,1.8,2.2,0.816,1.4,4.4,5.8,1.1,0.9,0.5,0.9,2.7,9.1
447,C,30,46,39,20.2,2.7,4.2,0.632,0.3,0.6,0.414,2.4,3.6,0.6709999999999999,0.6629999999999999,1.5,2.1,0.722,2.0,2.5,4.5,1.1,0.4,0.3,0.7,2.3,7.1
295,C,28,9,0,20.1,4.0,7.3,0.545,0.6,1.7,0.33299999999999996,3.4,5.7,0.608,0.583,2.0,2.2,0.9,1.2,3.3,4.6,1.4,0.9,0.8,0.6,1.6,10.6
454,C,22,6,0,6.7,0.8,2.5,0.33299999999999996,0.0,0.0,0.0,0.8,2.5,0.33299999999999996,0.33299999999999996,0.5,0.7,0.75,1.0,1.2,2.2,0.5,0.2,0.2,0.3,1.2,2.2
539,C,29,42,42,31.6,7.1,13.5,0.526,1.0,2.5,0.41700000000000004,6.0,11.0,0.55,0.564,3.2,4.0,0.8190000000000001,3.4,8.6,12.0,2.4,0.5,0.9,2.4,3.2,18.4
183,C,36,29,3,19.1,1.4,2.9,0.494,0.1,0.5,0.267,1.3,2.4,0.5429999999999999,0.518,0.7,0.9,0.7040000000000001,1.7,2.9,4.6,0.7,0.4,0.9,0.7,2.7,3.7
26,C,23,36,34,27.5,4.1,9.0,0.46,1.4,3.9,0.355,2.8,5.1,0.541,0.537,0.8,1.0,0.778,2.3,6.0,8.3,1.5,0.8,2.1,1.4,2.7,10.4
314,C,26,28,1,10.5,1.9,3.6,0.52,0.6,1.5,0.39,1.3,2.1,0.61,0.6,0.7,0.8,0.87,1.3,1.1,2.4,1.0,0.2,0.4,0.7,0.9,5.0
240,C,28,29,29,25.8,5.2,7.4,0.698,0.1,0.1,0.5,5.1,7.3,0.701,0.7020000000000001,1.8,2.3,0.7879999999999999,2.3,5.9,8.2,1.2,0.3,1.1,1.4,3.1,12.2
3,C,24,21,21,32.9,6.9,13.3,0.518,0.0,0.0,0.0,6.9,13.3,0.52,0.518,4.9,6.3,0.767,2.6,7.3,10.0,3.2,1.2,0.5,2.9,3.1,18.7
436,C,31,37,37,24.7,2.9,4.6,0.632,0.0,0.0,0.0,2.9,4.6,0.635,0.632,0.8,2.1,0.359,2.2,4.8,7.0,2.7,0.8,0.8,1.2,3.0,6.6
486,C,19,39,2,18.0,3.1,6.2,0.494,0.3,1.2,0.289,2.7,5.1,0.54,0.521,2.3,3.3,0.701,1.7,2.9,4.6,2.6,0.8,0.8,2.0,2.9,8.8
520,C,29,26,21,22.5,3.2,6.9,0.469,0.9,3.0,0.29100000000000004,2.3,3.8,0.61,0.534,1.0,1.5,0.675,1.2,3.8,5.0,0.8,0.4,0.7,1.2,2.4,8.4
96,C,28,18,2,9.8,0.9,1.9,0.457,0.1,0.1,0.5,0.8,1.8,0.455,0.47100000000000003,0.1,0.1,0.5,0.7,1.4,2.1,0.5,0.3,0.2,0.4,0.9,1.9
128,C,32,39,15,17.0,2.6,4.4,0.595,0.3,0.5,0.5710000000000001,2.3,3.9,0.599,0.63,1.1,1.4,0.764,1.9,4.4,6.3,0.8,0.4,0.5,1.0,2.2,6.7
80,C,24,5,0,13.0,2.6,5.4,0.48100000000000004,0.4,1.8,0.222,2.2,3.6,0.611,0.519,0.8,1.6,0.5,1.2,1.8,3.0,0.6,0.0,0.4,0.2,1.4,6.4
201,C,35,41,29,25.2,4.0,7.7,0.516,0.8,2.4,0.34299999999999997,3.1,5.2,0.595,0.57,2.0,2.5,0.804,0.5,2.7,3.2,1.3,0.3,0.5,1.0,2.3,10.7
508,C,20,37,37,25.1,3.3,6.4,0.519,0.1,0.5,0.1,3.3,5.9,0.5579999999999999,0.523,1.0,1.5,0.667,2.6,5.4,8.0,1.1,0.4,1.2,1.3,2.8,7.7
444,C,26,39,34,28.6,5.9,12.3,0.478,1.9,4.5,0.418,4.0,7.8,0.513,0.555,1.5,1.9,0.7759999999999999,2.9,6.5,9.4,1.2,0.7,0.9,1.6,2.8,15.2
48,C,22,26,1,9.0,1.3,3.2,0.39799999999999996,0.2,1.3,0.17600000000000002,1.0,1.9,0.551,0.434,0.7,1.1,0.621,1.2,1.3,2.5,0.4,0.4,0.6,0.5,1.4,3.5
282,C,26,39,39,33.1,10.1,17.7,0.5720000000000001,1.5,4.2,0.37,8.6,13.5,0.634,0.615,4.2,5.3,0.787,2.8,11.1,13.9,7.5,1.4,0.8,3.5,2.5,25.9
35,PF,21,21,0,7.2,1.3,1.9,0.675,0.0,0.2,0.0,1.3,1.7,0.75,0.675,0.4,0.5,0.727,0.9,1.8,2.7,0.3,0.2,0.7,0.3,1.4,3.0
173,PF,24,6,0,7.7,0.8,2.2,0.385,0.3,0.8,0.4,0.5,1.3,0.375,0.462,0.3,0.7,0.5,0.8,1.5,2.3,0.3,0.2,0.3,0.5,1.8,2.3
199,PF,31,35,7,14.9,2.1,4.8,0.43700000000000006,0.5,2.2,0.25,1.5,2.6,0.593,0.494,1.0,1.2,0.857,0.9,2.8,3.7,0.8,0.7,0.5,0.9,2.2,5.7
112,PF,24,10,1,11.9,1.5,2.3,0.652,0.0,0.0,0.0,1.5,2.3,0.652,0.652,1.4,1.6,0.875,0.7,2.1,2.8,0.3,0.4,0.2,0.5,1.9,4.4
427,PF,25,32,1,11.8,1.7,3.4,0.491,0.6,1.7,0.33299999999999996,1.1,1.8,0.643,0.573,0.9,1.3,0.725,0.6,1.3,1.9,0.6,0.1,0.1,0.5,0.9,4.8
500,PF,21,22,4,13.9,2.4,5.1,0.46,0.3,1.4,0.233,2.0,3.8,0.542,0.491,1.5,1.9,0.8290000000000001,2.2,3.3,5.5,0.2,0.2,0.6,0.8,1.7,6.6
574,PF,20,5,5,25.0,2.6,4.6,0.565,0.6,1.2,0.5,2.0,3.4,0.588,0.63,0.8,0.8,1.0,0.2,2.0,2.2,0.6,0.6,0.4,0.4,1.8,6.6
37,PF,33,27,23,26.1,3.4,6.7,0.5,2.0,4.9,0.414,1.3,1.8,0.735,0.6509999999999999,0.6,0.8,0.682,0.4,4.3,4.8,1.6,1.0,0.8,0.9,1.5,9.3
31,PF,20,36,36,35.5,5.9,12.5,0.47700000000000004,0.8,2.4,0.31,5.2,10.1,0.517,0.507,2.1,3.0,0.72,2.8,5.1,7.9,3.4,1.0,0.8,1.9,2.9,14.8
90,PF,24,14,1,10.9,1.6,2.8,0.564,0.5,0.9,0.583,1.1,1.9,0.556,0.654,0.6,0.9,0.75,0.4,1.2,1.6,0.9,0.1,0.2,0.6,0.9,4.3
163,PF,28,45,45,32.1,3.8,8.6,0.446,1.9,5.1,0.368,1.9,3.4,0.561,0.556,0.8,1.2,0.66,1.5,3.3,4.8,1.9,1.2,0.5,1.0,2.3,10.3
131,PF,32,41,41,34.8,9.3,19.1,0.489,0.6,1.8,0.33299999999999996,8.7,17.3,0.506,0.505,6.7,7.8,0.856,0.8,4.2,5.0,4.8,0.8,0.4,2.2,2.2,26.0
187,PF,24,9,2,13.2,1.0,2.4,0.409,0.0,0.1,0.0,1.0,2.3,0.429,0.409,0.3,0.8,0.429,1.4,2.6,4.0,0.6,0.3,1.0,0.6,2.0,2.3
164,PF,24,7,0,5.0,0.3,1.3,0.222,0.3,0.6,0.5,0.0,0.7,0.0,0.33299999999999996,0.0,0.0,0.0,0.0,1.4,1.4,0.0,0.0,0.0,0.3,0.4,0.9
395,PF,29,37,11,23.2,2.8,5.4,0.515,0.5,1.7,0.306,2.2,3.7,0.61,0.563,0.9,1.3,0.653,1.6,4.1,5.6,2.0,1.0,0.4,0.7,1.8,6.9
577,PF,25,3,1,16.0,2.7,3.7,0.727,0.0,0.7,0.0,2.7,3.0,0.889,0.727,2.7,3.3,0.8,0.3,4.3,4.7,1.3,1.7,0.3,0.7,1.7,8.0
375,PF,20,38,38,34.2,6.2,12.1,0.511,0.4,1.4,0.29600000000000004,5.8,10.7,0.539,0.528,2.2,3.1,0.706,1.7,6.2,7.8,2.6,0.8,1.7,1.8,2.1,15.0
116,PF,31,42,34,29.1,2.7,6.9,0.39799999999999996,1.7,4.7,0.35700000000000004,1.0,2.1,0.489,0.521,0.5,0.6,0.8079999999999999,0.8,4.8,5.6,1.1,1.4,1.3,1.1,2.6,7.7
546,PF,25,31,16,18.6,1.7,4.1,0.429,0.8,2.5,0.32899999999999996,0.9,1.5,0.596,0.532,0.3,0.4,0.769,0.7,2.4,3.2,1.1,0.5,0.1,0.4,1.5,4.6
60,PF,29,41,7,19.8,3.3,7.4,0.449,0.8,3.0,0.264,2.5,4.4,0.5710000000000001,0.502,1.8,2.4,0.75,2.2,3.7,5.9,0.3,0.7,1.0,0.7,2.0,9.2
206,PF,23,7,0,15.6,2.9,7.0,0.408,0.7,2.1,0.33299999999999996,2.1,4.9,0.441,0.45899999999999996,1.7,2.3,0.75,0.3,3.4,3.7,0.4,0.1,0.1,0.6,0.6,8.1
285,PF,24,31,8,17.2,2.3,3.9,0.5820000000000001,0.5,1.2,0.405,1.8,2.7,0.659,0.643,1.3,1.5,0.848,1.2,2.2,3.4,0.5,0.5,0.7,0.5,2.3,6.3
355,PF,21,42,17,25.8,3.2,7.7,0.415,0.9,3.4,0.264,2.3,4.3,0.536,0.474,0.7,0.9,0.784,1.3,3.1,4.4,1.0,0.8,0.7,1.1,3.4,8.0
181,PF,35,28,0,19.9,3.1,7.4,0.413,1.5,4.3,0.353,1.6,3.2,0.494,0.514,1.3,1.6,0.8220000000000001,1.0,3.7,4.6,1.1,0.6,0.3,0.8,1.9,9.0
549,PF,27,19,0,6.5,0.7,2.1,0.33299999999999996,0.3,1.2,0.22699999999999998,0.4,0.9,0.47100000000000003,0.397,0.1,0.2,0.5,0.7,0.6,1.3,0.4,0.3,0.1,0.4,1.2,1.7
532,PF,23,41,2,15.9,2.9,5.5,0.524,0.3,1.6,0.2,2.6,3.9,0.6559999999999999,0.5529999999999999,1.4,1.8,0.77,1.0,2.7,3.6,1.0,0.3,0.5,0.8,1.4,7.5
490,PF,27,30,30,36.7,8.0,16.9,0.473,1.1,3.3,0.33299999999999996,6.9,13.6,0.507,0.506,3.9,5.3,0.725,2.0,6.3,8.3,4.9,1.2,0.7,2.6,3.5,21.0
132,PF,25,5,0,11.8,1.6,2.8,0.5710000000000001,0.0,0.0,0.0,1.6,2.8,0.5710000000000001,0.5710000000000001,0.0,0.0,0.0,0.8,1.8,2.6,0.0,0.2,0.2,0.6,2.6,3.2
491,PF,25,7,0,9.0,1.1,1.9,0.615,0.0,0.0,0.0,1.1,1.9,0.615,0.615,1.1,1.4,0.8,1.4,2.3,3.7,0.4,0.0,0.0,0.6,1.9,3.4
457,PF,27,44,44,35.4,6.8,16.5,0.41100000000000003,1.7,5.5,0.308,5.1,11.0,0.462,0.462,3.5,4.7,0.757,1.8,8.2,10.0,5.1,0.8,0.7,3.4,2.8,18.8
470,PF,23,18,5,13.7,2.6,4.7,0.56,0.6,1.2,0.5,2.0,3.4,0.581,0.625,0.9,1.2,0.762,1.1,2.2,3.3,0.7,0.2,0.3,0.8,1.4,6.7
217,PF,29,36,36,34.9,6.9,15.1,0.461,1.2,3.7,0.316,5.8,11.4,0.509,0.5,3.2,3.8,0.8440000000000001,1.1,6.2,7.3,3.8,0.6,0.6,1.6,2.1,18.2
489,PF,20,20,6,11.8,2.9,4.8,0.594,0.1,0.2,0.33299999999999996,2.8,4.7,0.602,0.599,0.8,1.2,0.652,2.3,2.5,4.7,0.4,0.3,0.6,1.0,2.2,6.5
66,PF,23,44,44,36.0,7.6,15.8,0.48200000000000004,2.0,6.1,0.325,5.6,9.7,0.581,0.545,2.9,3.8,0.77,1.3,6.2,7.5,3.6,1.1,0.9,1.8,2.6,20.1
410,PF,27,17,0,17.1,0.9,3.9,0.22399999999999998,0.5,2.3,0.231,0.4,1.6,0.214,0.29100000000000004,0.5,0.6,0.818,1.5,1.9,3.4,0.3,0.3,0.3,0.3,1.5,2.8
11,PF,28,38,8,22.4,3.2,7.4,0.436,0.7,1.9,0.35100000000000003,2.6,5.5,0.466,0.48200000000000004,1.0,1.6,0.6609999999999999,0.9,4.4,5.3,2.6,1.1,0.6,1.1,1.5,8.2
143,PF,21,2,0,8.0,2.5,4.0,0.625,0.5,1.0,0.5,2.0,3.0,0.667,0.688,1.5,2.0,0.75,1.0,2.0,3.0,0.0,1.5,1.0,1.0,0.5,7.0
494,PF,23,14,0,6.4,0.4,0.6,0.75,0.0,0.0,0.0,0.4,0.6,0.75,0.75,0.2,0.3,0.75,0.6,1.0,1.6,0.1,0.1,0.4,0.1,0.4,1.1
433,PF,21,2,0,20.5,2.0,4.5,0.444,0.5,1.0,0.5,1.5,3.5,0.429,0.5,1.0,1.0,1.0,1.0,2.5,3.5,1.0,0.5,0.0,0.5,3.0,5.5
262,PF,22,47,47,27.5,5.6,13.6,0.414,1.7,5.6,0.314,3.9,8.0,0.484,0.479,3.5,4.3,0.8170000000000001,1.3,4.4,5.7,1.1,1.0,2.2,1.8,3.4,16.5
175,PF,33,35,1,23.1,3.3,7.9,0.42200000000000004,1.7,4.1,0.40299999999999997,1.7,3.7,0.44299999999999995,0.527,2.2,2.3,0.927,0.5,3.7,4.2,1.4,0.4,0.2,0.7,1.4,10.5
371,PF,36,24,0,11.3,1.3,3.5,0.376,0.3,1.1,0.222,1.1,2.4,0.44799999999999995,0.41200000000000003,0.5,0.7,0.706,1.2,2.5,3.7,1.0,0.2,0.5,0.5,2.0,3.4
556,PF,23,29,3,24.3,3.4,7.8,0.442,1.8,4.6,0.402,1.6,3.2,0.5,0.56,1.1,1.6,0.711,1.4,4.0,5.4,2.1,0.7,1.1,1.4,2.5,9.8
384,PF,32,25,25,30.6,5.7,13.4,0.428,2.0,5.4,0.375,3.7,7.9,0.465,0.504,2.5,2.9,0.863,0.6,4.6,5.2,2.2,0.5,0.4,1.4,2.3,16.0
276,PF,34,30,2,17.1,2.0,4.1,0.48,0.2,1.0,0.24100000000000002,1.7,3.1,0.5529999999999999,0.508,0.2,0.6,0.353,0.8,2.5,3.3,1.6,0.4,0.4,0.6,1.9,4.4
87,PF,25,7,0,8.3,2.0,3.0,0.667,0.0,0.0,0.0,2.0,3.0,0.667,0.667,0.0,0.0,0.0,0.7,2.3,3.0,0.3,0.6,0.7,0.1,1.1,4.0
179,PF,19,15,0,7.0,0.5,1.6,0.33299999999999996,0.1,0.9,0.154,0.4,0.7,0.545,0.375,0.1,0.1,0.5,0.6,1.7,2.3,0.5,0.5,0.4,0.2,0.6,1.3
186,PF,29,17,0,6.5,1.1,1.6,0.667,0.3,0.4,0.7140000000000001,0.8,1.2,0.65,0.759,0.6,0.7,0.833,0.5,1.0,1.5,0.5,0.1,0.1,0.3,1.1,3.0
382,PF,24,1,0,27.0,2.0,3.0,0.667,1.0,2.0,0.5,1.0,1.0,1.0,0.833,0.0,0.0,0.0,2.0,2.0,4.0,1.0,0.0,0.0,0.0,3.0,5.0
571,PF,23,42,13,22.8,2.4,5.0,0.483,1.5,3.4,0.424,1.0,1.5,0.615,0.629,0.9,1.0,0.884,0.7,2.5,3.2,1.0,0.5,0.6,0.8,2.1,7.2
4,PF,21,25,0,10.5,1.4,3.8,0.37200000000000005,0.2,1.5,0.105,1.2,2.2,0.5539999999999999,0.39399999999999996,0.4,0.8,0.579,0.9,1.6,2.5,0.5,0.1,0.2,0.3,0.9,3.4
129,PF,27,1,0,1.0,0.0,0.0,0.0,0.0,0.0,0.0,0.0,0.0,0.0,0.0,0.0,0.0,0.0,0.0,0.0,0.0,0.0,0.0,0.0,0.0,0.0,0.0
55,PF,22,13,0,6.2,1.2,2.1,0.556,0.1,0.3,0.25,1.1,1.8,0.609,0.574,0.2,0.2,0.667,0.3,1.2,1.5,0.4,0.1,0.2,0.3,0.3,2.5
227,PF,26,1,0,2.0,0.0,0.0,0.0,0.0,0.0,0.0,0.0,0.0,0.0,0.0,0.0,0.0,0.0,1.0,0.0,1.0,0.0,0.0,0.0,1.0,0.0,0.0
311,PF,26,43,43,33.3,5.9,13.1,0.45399999999999996,1.8,5.5,0.32299999999999995,4.2,7.6,0.547,0.521,2.1,3.0,0.69,1.1,7.8,8.8,2.9,0.6,0.8,2.2,2.0,15.7
261,PF,20,13,0,6.5,1.1,2.5,0.43799999999999994,0.0,0.1,0.0,1.1,2.4,0.452,0.43799999999999994,0.7,1.2,0.563,0.7,1.4,2.1,0.1,0.4,0.4,0.2,1.2,2.8
271,PF,25,3,0,6.0,0.7,2.0,0.33299999999999996,0.0,0.7,0.0,0.7,1.3,0.5,0.33299999999999996,0.0,0.3,0.0,1.7,2.3,4.0,0.0,0.0,0.0,1.0,0.0,1.3
541,PF,22,40,33,25.7,2.9,5.0,0.581,0.1,0.3,0.2,2.8,4.7,0.601,0.586,1.0,1.5,0.644,3.2,5.9,9.1,1.3,1.5,0.7,1.1,2.9,6.8
451,PF,27,34,8,14.4,1.6,4.0,0.387,0.8,2.6,0.318,0.7,1.4,0.51,0.489,0.6,0.7,0.76,0.4,1.7,2.1,0.9,0.4,0.2,0.6,1.4,4.5
415,PF,22,21,0,11.6,1.4,3.3,0.435,0.4,1.2,0.34600000000000003,1.0,2.0,0.488,0.5,0.4,0.5,0.727,0.5,1.4,2.0,0.7,0.2,0.3,0.2,1.2,3.7
334,PF,26,42,3,19.4,3.2,7.3,0.44299999999999995,0.9,2.9,0.293,2.4,4.4,0.5429999999999999,0.502,2.5,3.2,0.782,1.3,3.5,4.8,1.2,0.4,0.5,1.0,1.8,9.8
517,PF,25,3,0,6.0,0.0,1.7,0.0,0.0,0.0,0.0,0.0,1.7,0.0,0.0,0.0,0.0,0.0,2.7,2.3,5.0,0.7,0.3,0.0,1.7,1.3,0.0
507,PF,24,30,8,15.2,2.2,4.7,0.46399999999999997,0.4,1.3,0.342,1.7,3.4,0.51,0.511,0.5,0.7,0.636,0.7,1.6,2.4,0.7,0.4,0.2,0.5,1.5,5.2
23,PF,22,26,13,21.9,3.8,8.2,0.46,0.5,2.1,0.23600000000000002,3.3,6.1,0.5379999999999999,0.491,1.3,1.8,0.745,2.3,5.0,7.3,0.6,0.3,0.3,0.7,1.7,9.4
219,PF,26,36,35,33.2,4.8,9.3,0.515,1.0,3.0,0.33899999999999997,3.8,6.3,0.599,0.57,2.6,3.6,0.7340000000000001,1.4,6.1,7.5,4.3,1.0,0.3,1.9,2.9,13.3
336,PF,22,23,2,11.6,1.4,3.3,0.42700000000000005,0.6,1.5,0.371,0.8,1.7,0.475,0.513,0.4,0.5,0.75,1.1,1.1,2.3,0.6,0.3,0.3,0.4,0.7,3.7
194,PF,27,24,24,33.2,6.6,15.9,0.414,1.8,5.3,0.331,4.8,10.6,0.455,0.469,5.2,6.1,0.8490000000000001,1.0,3.9,4.8,2.6,1.1,1.1,2.1,2.3,20.1
127,PF,26,7,0,8.0,1.1,2.0,0.5710000000000001,0.3,0.6,0.5,0.9,1.4,0.6,0.643,0.0,0.0,0.0,0.1,0.7,0.9,0.7,0.1,0.0,0.3,0.3,2.6
402,PF,21,28,0,14.9,2.1,4.3,0.479,0.9,1.9,0.47200000000000003,1.2,2.4,0.485,0.583,1.0,1.6,0.63,1.1,2.2,3.4,0.3,0.3,0.3,0.3,1.8,6.1
118,PF,31,38,38,28.2,3.2,7.9,0.40700000000000003,1.9,5.4,0.363,1.3,2.6,0.5,0.53,1.0,1.2,0.804,0.3,4.6,4.9,1.4,1.2,0.5,0.9,2.4,9.4
44,PF,29,31,0,15.4,1.9,5.3,0.35600000000000004,1.5,4.4,0.32799999999999996,0.4,0.8,0.5,0.494,0.9,0.9,0.9309999999999999,0.2,1.7,1.9,0.5,0.4,0.2,0.4,1.6,6.1
14,PF,37,43,3,26.9,4.6,10.6,0.434,2.3,6.0,0.389,2.3,4.6,0.49200000000000005,0.544,1.9,2.3,0.812,0.9,3.3,4.2,1.0,0.7,0.8,0.8,2.3,13.4
357,PF,30,31,31,24.5,4.3,9.4,0.455,2.2,5.2,0.41600000000000004,2.1,4.2,0.504,0.57,0.6,0.9,0.7040000000000001,0.4,2.1,2.5,1.2,0.2,0.1,0.8,1.5,11.4
301,PF,30,31,14,24.7,2.5,6.1,0.40399999999999997,1.6,4.6,0.359,0.8,1.5,0.5429999999999999,0.54,0.7,0.9,0.75,1.1,4.6,5.7,1.2,0.4,0.8,0.8,2.3,7.2
191,PF,26,41,41,32.0,5.5,10.6,0.524,1.1,3.2,0.341,4.4,7.3,0.605,0.5760000000000001,2.3,3.1,0.74,1.7,3.9,5.6,2.5,0.7,0.6,1.7,1.9,14.5
150,PF,33,36,36,36.5,10.5,20.3,0.52,1.9,5.0,0.37200000000000005,8.7,15.3,0.568,0.5660000000000001,6.3,7.1,0.894,0.6,6.9,7.4,5.8,0.8,0.9,3.0,1.9,29.3
445,PF,26,30,30,30.4,7.0,15.3,0.455,1.5,5.2,0.29,5.5,10.1,0.539,0.504,4.7,5.3,0.8809999999999999,2.1,5.9,8.0,2.2,0.8,1.7,1.6,2.4,20.1
103,PF,27,13,1,10.5,1.1,2.6,0.41200000000000003,1.0,2.3,0.433,0.1,0.3,0.25,0.603,0.2,0.3,0.5,0.5,1.8,2.3,0.4,0.2,0.2,0.3,0.2,3.3
54,PF,32,45,45,30.8,6.2,13.1,0.469,2.5,6.4,0.39299999999999996,3.6,6.7,0.542,0.565,3.2,3.8,0.858,0.8,3.3,4.1,1.8,0.5,0.0,1.6,1.7,18.1
585,PF,23,1,0,1.0,0.0,0.0,0.0,0.0,0.0,0.0,0.0,0.0,0.0,0.0,0.0,0.0,0.0,0.0,0.0,0.0,1.0,0.0,0.0,0.0,0.0,0.0
527,PF,19,11,0,10.4,0.8,2.5,0.33299999999999996,0.3,1.5,0.17600000000000002,0.5,0.9,0.6,0.389,0.6,0.9,0.7,0.5,1.0,1.5,0.6,0.4,0.5,0.4,1.3,2.5
104,PF,25,34,1,18.4,4.2,6.5,0.65,0.1,0.5,0.222,4.1,5.9,0.688,0.659,1.2,1.8,0.677,1.9,3.2,5.1,1.4,0.4,1.1,0.5,1.6,9.8
443,PF,28,39,7,21.5,3.1,6.7,0.465,1.5,3.8,0.39299999999999996,1.6,2.8,0.564,0.579,0.5,0.7,0.7140000000000001,1.0,4.3,5.2,1.7,1.1,0.5,0.6,1.3,8.2
101,PF,24,13,0,11.3,2.6,4.3,0.607,0.5,1.1,0.429,2.2,3.2,0.667,0.6609999999999999,0.8,1.2,0.625,0.8,2.9,3.7,0.3,0.2,0.3,0.8,2.5,6.5
438,PF,20,36,2,15.1,1.9,5.4,0.358,0.6,2.4,0.23,1.4,2.9,0.462,0.409,0.2,0.4,0.5,0.9,3.1,4.0,1.1,0.5,0.5,1.2,1.2,4.6
30,PF,29,42,42,33.5,5.0,11.0,0.451,2.0,4.9,0.415,2.9,6.1,0.48,0.544,4.3,5.1,0.833,1.1,4.9,6.0,2.4,0.7,0.2,1.7,1.3,16.3
275,PF,20,11,0,4.7,0.7,1.5,0.47100000000000003,0.2,0.5,0.33299999999999996,0.5,1.0,0.545,0.529,0.4,0.5,0.667,0.0,1.2,1.2,0.1,0.0,0.0,0.2,0.3,2.0
526,PF,30,30,3,15.2,2.5,5.0,0.503,0.0,0.0,1.0,2.5,5.0,0.5,0.507,1.1,2.0,0.5329999999999999,2.4,3.0,5.4,0.6,0.4,0.4,1.0,1.7,6.2
536,PF,36,40,39,28.3,3.0,6.2,0.49200000000000005,1.4,3.0,0.45399999999999996,1.7,3.2,0.528,0.602,0.7,1.0,0.6920000000000001,1.6,4.0,5.5,2.1,0.8,0.3,1.0,2.2,8.1
400,PF,28,41,5,23.0,3.4,8.0,0.433,2.0,5.0,0.386,1.5,2.9,0.513,0.555,0.9,1.0,0.878,0.4,2.3,2.7,1.4,0.5,0.2,0.7,2.7,9.7
39,PF,21,40,28,26.0,3.4,8.5,0.39399999999999996,0.9,3.5,0.266,2.4,5.0,0.483,0.449,1.4,2.0,0.679,1.1,5.1,6.2,1.2,0.7,1.2,1.4,1.0,9.0
280,PF,25,12,5,20.5,2.3,4.5,0.519,0.8,2.4,0.345,1.5,2.1,0.72,0.611,1.1,1.4,0.765,0.5,2.3,2.8,1.4,0.8,0.4,0.6,3.2,6.6
385,PF,32,10,0,18.7,3.2,7.0,0.457,0.8,2.2,0.364,2.4,4.8,0.5,0.514,0.5,0.5,1.0,1.3,1.5,2.8,1.4,0.3,0.1,1.2,2.2,7.7
434,PF,24,6,0,7.8,0.2,1.7,0.1,0.2,1.2,0.14300000000000002,0.0,0.5,0.0,0.15,0.0,0.0,0.0,0.3,1.2,1.5,0.2,0.0,0.2,0.5,0.5,0.5
531,PF,20,9,0,3.9,0.6,1.7,0.33299999999999996,0.4,1.1,0.4,0.1,0.6,0.2,0.467,0.2,0.4,0.5,0.2,0.8,1.0,0.1,0.2,0.2,0.1,0.1,1.8
197,PF,31,34,34,29.9,3.2,5.9,0.537,0.4,1.2,0.28600000000000003,2.8,4.7,0.604,0.5670000000000001,1.2,2.0,0.597,1.1,6.4,7.6,7.4,1.4,1.2,3.1,2.8,7.9
303,PF,24,22,2,8.3,1.1,2.1,0.511,0.1,0.3,0.28600000000000003,1.0,1.8,0.55,0.532,1.3,1.8,0.7,0.9,1.6,2.5,0.6,0.2,0.3,0.5,1.2,3.5
234,PF,30,13,1,10.7,0.2,1.5,0.15,0.2,1.0,0.154,0.1,0.5,0.14300000000000002,0.2,0.0,0.0,0.0,0.5,1.3,1.8,0.9,0.3,0.2,0.1,1.2,0.6
331,PF,33,38,2,21.3,4.3,10.0,0.434,2.4,6.1,0.40299999999999997,1.9,3.9,0.483,0.557,2.9,3.2,0.8859999999999999,1.1,6.0,7.1,2.1,0.3,0.2,1.2,0.9,14.0
411,PF,23,36,10,23.5,2.8,7.7,0.361,1.3,4.5,0.278,1.5,3.2,0.478,0.442,0.8,0.9,0.848,0.6,3.9,4.5,1.3,1.4,0.4,0.8,1.4,7.6
238,PG,31,35,32,32.6,7.2,14.6,0.493,1.8,4.7,0.38,5.4,9.9,0.546,0.5539999999999999,1.8,2.4,0.7290000000000001,0.9,3.7,4.6,6.5,1.5,0.6,2.7,1.8,17.9
100,PG,26,23,1,10.7,0.7,2.5,0.281,0.6,1.6,0.35100000000000003,0.1,0.9,0.15,0.395,0.0,0.0,1.0,0.3,0.8,1.2,1.7,0.3,0.0,0.9,1.0,2.0
165,PG,23,27,1,8.6,1.1,3.2,0.349,0.4,1.6,0.273,0.7,1.6,0.429,0.419,0.1,0.3,0.5710000000000001,0.2,0.8,1.0,0.9,0.4,0.1,0.3,0.9,2.8
354,PG,29,24,6,24.2,3.8,7.5,0.503,0.3,1.0,0.28,3.5,6.5,0.5379999999999999,0.522,0.5,0.6,0.8,0.8,2.5,3.3,4.8,1.0,0.4,1.2,1.8,8.4
193,PG,26,42,42,31.3,4.6,12.5,0.366,3.0,8.5,0.35700000000000004,1.5,4.0,0.385,0.48700000000000004,1.6,2.0,0.8190000000000001,0.5,2.1,2.6,4.5,1.0,0.2,1.6,1.4,13.8
441,PG,21,31,31,30.2,4.5,11.9,0.379,2.0,5.8,0.341,2.5,6.1,0.41600000000000004,0.462,2.1,3.4,0.635,0.7,3.5,4.2,5.9,1.3,0.3,3.6,2.6,13.1
562,PG,33,46,46,34.9,7.0,16.2,0.433,1.0,3.5,0.302,6.0,12.7,0.469,0.466,3.5,5.2,0.6709999999999999,1.4,6.6,8.0,7.8,1.1,0.3,4.2,3.1,18.5
260,PG,23,33,5,22.7,3.7,9.2,0.40299999999999997,1.9,5.6,0.33299999999999996,1.8,3.6,0.513,0.505,1.3,1.6,0.83,0.3,1.2,1.5,0.9,0.5,0.2,0.8,1.6,10.7
518,PG,21,2,0,1.5,0.5,0.5,1.0,0.0,0.0,0.0,0.5,0.5,1.0,1.0,0.0,0.0,0.0,0.0,0.0,0.0,0.0,0.0,0.0,0.0,0.5,1.0
24,PG,20,39,39,31.8,6.9,16.5,0.418,2.7,7.3,0.371,4.2,9.3,0.45399999999999996,0.499,2.5,2.8,0.883,1.7,5.6,7.3,7.7,1.6,0.4,3.1,3.0,19.0
68,PG,29,28,28,33.4,6.6,14.7,0.44799999999999995,1.6,5.4,0.307,4.9,9.3,0.529,0.504,3.8,4.4,0.861,0.9,4.3,5.1,5.9,0.9,0.4,2.2,2.0,18.5
554,PG,32,1,1,27.0,2.0,5.0,0.4,0.0,0.0,0.0,2.0,5.0,0.4,0.4,3.0,3.0,1.0,0.0,4.0,4.0,7.0,2.0,0.0,0.0,3.0,7.0
335,PG,20,21,0,13.6,1.0,3.7,0.282,0.4,2.1,0.182,0.7,1.6,0.41200000000000003,0.33299999999999996,1.2,1.4,0.867,0.4,1.4,1.8,1.0,0.5,0.1,0.9,1.0,3.7
258,PG,29,6,6,34.5,9.5,19.2,0.496,2.0,5.5,0.364,7.5,13.7,0.5489999999999999,0.5479999999999999,1.3,1.3,1.0,0.5,4.2,4.7,5.2,1.0,0.3,2.0,2.3,22.3
142,PG,22,11,0,7.7,1.0,2.1,0.478,0.2,0.8,0.222,0.8,1.3,0.643,0.522,0.5,0.8,0.556,0.1,0.7,0.8,1.4,0.1,0.0,0.5,1.0,2.6
93,PG,26,34,1,11.6,1.0,3.3,0.301,0.7,2.4,0.284,0.3,0.9,0.344,0.40299999999999997,0.1,0.1,0.75,0.2,1.2,1.4,0.9,0.4,0.2,0.4,1.0,2.8
388,PG,27,15,2,13.0,1.3,4.5,0.299,0.9,3.1,0.28300000000000003,0.5,1.4,0.33299999999999996,0.396,0.1,0.1,1.0,0.1,1.3,1.4,0.2,0.3,0.1,0.5,0.8,3.7
523,PG,32,1,0,13.0,3.0,8.0,0.375,0.0,3.0,0.0,3.0,5.0,0.6,0.375,0.0,0.0,0.0,0.0,0.0,0.0,4.0,0.0,0.0,0.0,0.0,6.0
302,PG,30,3,0,18.0,3.0,6.7,0.45,1.3,4.3,0.308,1.7,2.3,0.7140000000000001,0.55,2.7,2.7,1.0,0.0,2.3,2.3,2.7,0.3,0.0,1.3,1.7,10.0
110,PG,34,41,41,28.5,4.9,10.7,0.46,2.4,5.8,0.42,2.5,4.9,0.507,0.574,1.8,2.2,0.8240000000000001,0.6,2.4,3.0,5.2,1.1,0.3,1.5,1.7,14.1
476,PG,25,35,35,32.5,6.6,16.1,0.408,3.1,8.6,0.354,3.5,7.5,0.469,0.503,2.7,3.4,0.805,0.3,3.3,3.6,7.0,1.0,0.5,2.7,2.2,18.9
9,PG,23,18,0,9.2,1.1,3.1,0.364,0.4,1.4,0.26899999999999996,0.7,1.6,0.44799999999999995,0.42700000000000005,0.5,0.8,0.643,0.3,0.7,1.0,1.6,1.0,0.1,0.2,1.0,3.1
89,PG,30,43,4,21.8,2.1,5.6,0.376,1.1,3.6,0.31,1.0,2.0,0.494,0.475,1.1,1.3,0.81,0.4,1.8,2.1,4.0,1.1,0.4,1.2,2.3,6.4
398,PG,29,39,0,20.1,3.0,6.7,0.44799999999999995,0.4,1.7,0.22699999999999998,2.6,5.0,0.523,0.47700000000000004,1.1,1.5,0.759,0.2,1.9,2.1,2.6,0.7,0.0,1.3,1.6,7.5
362,PG,24,4,0,2.8,0.0,0.5,0.0,0.0,0.3,0.0,0.0,0.3,0.0,0.0,0.0,0.0,0.0,0.0,0.0,0.0,0.5,0.0,0.0,0.0,0.3,0.0
121,PG,20,36,36,31.9,5.9,14.7,0.4,2.1,6.4,0.325,3.8,8.3,0.45799999999999996,0.47100000000000003,1.8,2.1,0.8420000000000001,0.9,4.5,5.4,5.1,1.3,0.6,3.6,2.9,15.6
189,PG,26,8,0,15.9,2.4,5.8,0.413,0.5,1.6,0.308,1.9,4.1,0.455,0.457,0.4,1.3,0.3,0.5,1.8,2.3,3.5,1.0,0.0,0.8,1.4,5.6
584,PG,23,2,0,3.5,1.0,1.5,0.667,0.5,1.0,0.5,0.5,0.5,1.0,0.833,0.0,0.0,0.0,0.0,0.0,0.0,0.0,0.0,0.0,0.5,0.5,2.5
471,PG,35,3,0,21.7,3.3,8.0,0.41700000000000004,2.0,4.7,0.429,1.3,3.3,0.4,0.542,1.7,2.0,0.833,0.3,3.7,4.0,4.7,1.0,0.0,2.3,2.0,10.3
324,PG,31,29,29,36.4,7.7,19.0,0.402,3.2,9.8,0.324,4.5,9.2,0.485,0.486,5.5,6.2,0.878,0.4,3.7,4.1,7.3,0.6,0.4,2.9,1.3,24.0
332,PG,35,39,39,34.2,4.5,10.8,0.41200000000000003,2.1,6.4,0.327,2.4,4.5,0.534,0.508,2.4,2.8,0.847,0.6,3.8,4.5,8.3,1.0,0.4,3.1,2.8,13.4
569,PG,23,1,0,5.0,1.0,1.0,1.0,0.0,0.0,0.0,1.0,1.0,1.0,1.0,0.0,0.0,0.0,0.0,1.0,1.0,0.0,1.0,0.0,0.0,0.0,2.0
15,PG,21,33,33,33.2,6.2,15.8,0.396,2.4,7.2,0.32799999999999996,3.9,8.5,0.45399999999999996,0.47100000000000003,3.4,4.0,0.835,0.6,5.5,6.1,5.8,0.8,0.3,2.8,2.7,18.2
370,PG,33,44,27,30.9,4.7,10.8,0.43799999999999994,3.2,7.5,0.423,1.5,3.3,0.47200000000000003,0.585,0.7,0.8,0.8859999999999999,0.2,1.9,2.1,2.5,0.6,0.3,1.0,1.4,13.3
570,PG,22,2,0,6.0,1.0,1.5,0.667,0.0,0.0,0.0,1.0,1.5,0.667,0.667,2.0,3.5,0.5710000000000001,0.0,1.0,1.0,1.0,0.0,0.0,0.0,0.0,4.0
429,PG,27,39,0,20.7,4.0,9.9,0.40399999999999997,1.1,3.4,0.331,2.9,6.5,0.44299999999999995,0.461,1.4,1.6,0.873,0.4,2.4,2.8,3.6,0.6,0.3,1.8,1.9,10.5
472,PG,33,26,4,24.5,4.7,10.5,0.445,1.4,3.5,0.402,3.3,7.0,0.467,0.513,1.2,1.2,0.968,0.8,2.2,3.0,4.0,0.8,0.5,1.5,0.6,12.0
322,PG,20,24,0,14.2,2.5,6.1,0.40399999999999997,0.5,2.4,0.22399999999999998,1.9,3.7,0.523,0.449,0.4,0.5,0.833,0.4,1.3,1.6,2.0,0.5,0.0,1.1,0.7,5.9
372,PG,25,27,6,24.7,4.0,9.4,0.429,0.9,2.9,0.316,3.1,6.5,0.48,0.478,1.5,1.8,0.8540000000000001,0.5,2.5,3.0,2.8,0.7,0.4,1.1,2.1,10.5
237,PG,25,35,10,16.2,2.5,5.2,0.475,0.6,1.6,0.382,1.9,3.7,0.516,0.5329999999999999,0.6,0.7,0.8079999999999999,0.2,1.5,1.7,1.9,0.5,0.2,0.9,1.5,6.2
29,PG,27,3,0,4.3,0.0,1.3,0.0,0.0,0.0,0.0,0.0,1.3,0.0,0.0,0.0,1.3,0.0,0.3,0.7,1.0,1.0,0.0,0.0,0.3,0.3,0.0
185,PG,23,40,40,34.8,7.7,18.5,0.419,1.6,5.7,0.27399999999999997,6.2,12.8,0.48200000000000004,0.461,5.7,6.8,0.831,0.7,4.0,4.7,5.4,1.0,0.8,2.4,2.4,22.7
391,PG,25,41,41,34.3,8.0,17.9,0.45,1.4,4.3,0.326,6.7,13.6,0.488,0.488,1.8,2.5,0.733,1.3,7.1,8.5,8.9,2.0,0.4,2.4,2.0,19.3
195,PG,25,8,3,21.4,2.3,4.8,0.474,1.4,3.3,0.423,0.9,1.5,0.583,0.618,0.4,0.5,0.75,0.1,2.5,2.6,2.5,0.6,0.1,1.1,1.6,6.3
496,PG,22,13,1,12.3,0.8,3.3,0.256,0.3,1.4,0.222,0.5,1.9,0.28,0.302,0.4,0.5,0.833,0.3,1.2,1.5,1.1,0.3,0.2,0.7,0.8,2.4
373,PG,23,41,1,24.7,3.7,9.5,0.39299999999999996,1.1,3.7,0.307,2.6,5.8,0.449,0.45399999999999996,0.5,0.9,0.595,0.6,1.7,2.3,3.2,0.7,0.3,1.0,1.8,9.1
512,PG,28,11,7,22.2,3.0,7.3,0.413,1.1,3.5,0.308,1.9,3.7,0.512,0.488,0.7,0.8,0.889,0.5,1.8,2.3,2.6,0.5,0.1,1.3,2.2,7.8
136,PG,28,37,37,30.6,4.6,11.5,0.401,1.8,5.3,0.332,2.8,6.2,0.461,0.478,2.8,3.4,0.8109999999999999,0.7,3.8,4.5,5.8,0.6,0.1,1.6,2.4,13.7
51,PG,32,47,29,25.9,3.7,8.8,0.42200000000000004,1.0,3.0,0.324,2.7,5.7,0.474,0.478,1.6,2.1,0.768,0.6,2.9,3.4,4.1,1.3,0.4,2.2,1.5,10.0
430,PG,27,24,0,11.0,1.5,3.7,0.40399999999999997,0.0,0.2,0.2,1.5,3.5,0.41700000000000004,0.41,0.3,0.6,0.5329999999999999,0.5,1.5,1.9,1.8,0.5,0.1,1.0,1.0,3.4
573,PG,35,31,0,14.4,2.4,6.3,0.376,0.7,2.2,0.309,1.7,4.1,0.413,0.43,1.3,1.5,0.87,0.3,1.2,1.5,1.6,0.5,0.1,0.8,1.0,6.7
497,PG,27,38,38,34.1,4.0,10.2,0.39299999999999996,1.4,4.8,0.304,2.6,5.5,0.47100000000000003,0.46399999999999997,2.1,2.6,0.7979999999999999,0.6,3.3,4.0,5.3,1.9,0.3,2.0,2.5,11.6
563,PG,21,26,10,26.7,4.5,10.2,0.447,2.0,5.4,0.371,2.5,4.8,0.532,0.545,1.4,1.7,0.818,0.2,2.5,2.7,2.5,0.6,0.2,1.2,2.2,12.5
253,PG,21,34,0,17.6,2.9,8.0,0.363,1.7,5.0,0.33899999999999997,1.2,3.0,0.402,0.469,1.0,1.1,0.892,0.2,2.3,2.5,1.7,0.5,0.3,1.1,2.1,8.5
113,PG,20,10,0,3.5,0.3,1.4,0.214,0.1,0.6,0.16699999999999998,0.2,0.8,0.25,0.25,0.0,0.0,0.0,0.0,0.5,0.5,0.5,0.0,0.0,0.5,0.1,0.7
79,PG,25,45,27,31.2,6.4,12.8,0.502,1.0,3.0,0.331,5.4,9.8,0.5529999999999999,0.54,2.1,2.6,0.79,0.6,3.3,3.8,5.5,1.0,0.0,1.7,1.9,15.9
399,PG,24,1,0,8.0,3.0,5.0,0.6,0.0,1.0,0.0,3.0,4.0,0.75,0.6,2.0,2.0,1.0,0.0,1.0,1.0,1.0,0.0,0.0,1.0,0.0,8.0
425,PG,29,20,3,8.1,0.8,2.3,0.33299999999999996,0.3,1.3,0.231,0.5,1.0,0.474,0.4,0.2,0.2,0.75,0.1,0.5,0.6,1.5,0.2,0.0,0.4,0.5,2.0
146,PG,35,5,2,18.0,2.6,6.8,0.382,0.8,2.8,0.28600000000000003,1.8,4.0,0.45,0.441,2.0,2.0,1.0,0.4,2.4,2.8,1.8,1.0,0.2,0.2,1.6,8.0
168,PG,23,35,2,9.1,0.7,1.3,0.511,0.0,0.1,0.25,0.6,1.2,0.537,0.522,0.4,0.5,0.737,0.3,1.1,1.4,1.1,0.1,0.1,0.7,0.5,1.7
448,PG,24,9,0,5.1,0.6,1.8,0.313,0.1,0.6,0.2,0.4,1.2,0.364,0.344,0.2,0.2,1.0,0.1,0.4,0.6,0.3,0.1,0.0,0.3,0.7,1.4
83,PG,29,22,0,12.2,2.5,6.1,0.418,0.8,2.4,0.327,1.8,3.7,0.47600000000000003,0.48100000000000004,0.7,0.8,0.941,0.1,1.0,1.0,1.9,0.4,0.0,0.7,1.0,6.6
475,PG,31,34,8,28.5,4.4,12.1,0.363,1.7,5.1,0.33899999999999997,2.6,7.0,0.38,0.434,2.6,3.0,0.8540000000000001,0.4,3.7,4.1,6.6,1.4,0.2,2.6,2.2,13.1
351,PG,21,18,2,8.1,0.8,3.0,0.278,0.3,1.6,0.179,0.6,1.4,0.385,0.324,0.2,0.2,0.75,0.1,0.8,0.9,1.2,0.4,0.1,0.2,0.8,2.1
542,PG,27,40,40,38.1,7.4,17.5,0.424,3.9,9.8,0.39799999999999996,3.5,7.7,0.45799999999999996,0.536,3.1,3.6,0.867,0.8,3.9,4.7,6.9,1.7,0.5,2.6,2.4,21.8
283,PG,24,2,0,2.0,0.5,1.0,0.5,0.0,0.0,0.0,0.5,1.0,0.5,0.5,0.0,0.0,0.0,0.0,0.0,0.0,0.0,0.0,0.0,0.0,0.0,1.0
319,PG,22,26,0,15.4,1.8,4.7,0.38,0.5,1.7,0.273,1.3,3.0,0.442,0.43,1.3,1.7,0.767,0.4,2.2,2.5,2.4,1.0,0.4,1.0,0.9,5.3
558,PG,24,1,0,8.0,1.0,2.0,0.5,0.0,0.0,0.0,1.0,2.0,0.5,0.5,0.0,0.0,0.0,0.0,0.0,0.0,0.0,1.0,0.0,0.0,2.0,2.0
499,PG,33,29,1,14.1,2.0,5.1,0.389,0.3,0.7,0.4,1.7,4.4,0.38799999999999996,0.41600000000000004,0.4,0.7,0.632,0.1,1.3,1.4,2.7,0.6,0.2,1.1,0.9,4.7
211,PG,32,40,40,37.0,6.7,16.0,0.42100000000000004,2.4,7.1,0.33899999999999997,4.3,8.9,0.486,0.496,7.1,8.2,0.866,1.0,7.1,8.1,10.0,1.3,0.7,4.8,2.5,23.0
224,PG,20,33,33,25.5,2.2,6.5,0.34299999999999997,0.8,2.8,0.297,1.4,3.8,0.376,0.405,0.8,1.0,0.848,0.5,2.5,3.0,3.6,1.2,0.4,1.5,2.5,6.2
405,PG,23,36,5,12.8,1.5,4.1,0.374,0.8,2.1,0.355,0.8,2.0,0.39399999999999996,0.466,0.5,0.5,1.0,0.2,1.2,1.4,1.3,0.6,0.1,0.6,1.1,4.3
281,PG,29,3,0,17.7,0.7,3.3,0.2,0.7,2.0,0.33299999999999996,0.0,1.3,0.0,0.3,0.0,0.0,0.0,0.7,1.3,2.0,1.7,0.7,0.7,0.3,1.0,2.0
553,PG,26,3,3,36.0,2.0,8.7,0.231,1.0,4.3,0.231,1.0,4.3,0.231,0.28800000000000003,1.3,1.3,1.0,0.7,2.7,3.3,7.0,2.3,1.3,3.7,2.7,6.3
138,PG,22,31,31,35.1,9.1,20.9,0.434,2.3,8.0,0.29100000000000004,6.7,12.9,0.521,0.489,4.7,6.3,0.75,0.8,8.0,8.8,8.7,1.2,0.5,4.6,2.4,25.2
171,PG,31,10,3,20.0,1.3,4.3,0.302,0.6,1.7,0.353,0.7,2.6,0.26899999999999996,0.37200000000000005,0.5,0.9,0.556,0.5,1.4,1.9,3.3,0.3,0.1,1.3,2.4,3.7
293,PG,30,34,8,23.3,2.7,6.0,0.44799999999999995,1.0,2.3,0.436,1.7,3.7,0.456,0.532,1.8,2.1,0.833,0.4,1.9,2.2,4.0,0.7,0.2,1.4,1.8,8.1
45,PG,33,32,28,26.1,3.1,7.6,0.40700000000000003,1.2,3.9,0.312,1.9,3.7,0.508,0.488,1.3,1.9,0.6890000000000001,1.2,3.3,4.5,5.0,1.2,0.9,1.2,2.8,8.7
498,PG,24,27,4,17.4,2.3,5.6,0.41100000000000003,0.2,1.0,0.222,2.1,4.6,0.452,0.43,1.1,1.7,0.6890000000000001,0.5,1.8,2.3,3.3,1.2,0.4,1.4,1.4,6.0
352,PG,23,1,0,3.0,1.0,1.0,1.0,0.0,0.0,0.0,1.0,1.0,1.0,1.0,0.0,0.0,0.0,0.0,0.0,0.0,0.0,0.0,0.0,1.0,0.0,2.0
431,PG,29,43,9,16.7,3.2,5.1,0.638,0.7,1.7,0.392,2.6,3.3,0.764,0.7040000000000001,0.6,1.0,0.5710000000000001,1.1,2.6,3.7,0.8,1.3,0.2,0.5,1.7,7.7
25,PG,24,35,35,34.6,4.6,10.9,0.423,3.1,7.4,0.423,1.5,3.5,0.423,0.5670000000000001,0.6,0.8,0.75,1.0,4.4,5.4,5.1,1.8,0.9,2.3,2.4,13.0
555,PG,21,14,7,19.5,2.8,7.9,0.355,1.2,3.8,0.321,1.6,4.1,0.386,0.43200000000000005,1.0,1.4,0.737,0.1,1.4,1.5,1.7,0.5,0.1,1.1,1.0,7.8
544,PG,25,37,13,22.3,3.2,7.4,0.44,1.7,4.5,0.386,1.5,2.9,0.523,0.557,0.7,0.9,0.765,0.4,1.5,1.9,3.0,0.9,0.3,1.5,2.2,8.9
467,PG,24,5,0,18.2,1.8,5.6,0.321,1.6,4.2,0.381,0.2,1.4,0.14300000000000002,0.46399999999999997,0.4,1.2,0.33299999999999996,0.4,1.0,1.4,1.8,0.2,0.2,1.0,1.6,5.6
81,PG,25,2,0,5.0,0.5,2.0,0.25,0.0,1.0,0.0,0.5,1.0,0.5,0.25,0.0,0.0,0.0,0.5,0.5,1.0,1.0,0.5,0.0,1.0,0.5,1.0
455,PG,22,42,2,22.4,3.4,8.8,0.385,1.8,5.1,0.344,1.6,3.7,0.442,0.485,1.7,1.9,0.9129999999999999,0.3,2.1,2.5,2.8,0.7,0.1,1.3,2.2,10.3
109,PG,34,3,0,12.3,0.7,2.3,0.28600000000000003,0.0,1.0,0.0,0.7,1.3,0.5,0.28600000000000003,0.0,0.0,0.0,0.0,1.3,1.3,0.7,0.3,0.0,0.3,1.7,1.3
18,PG,34,33,2,15.0,1.7,4.0,0.414,1.2,2.8,0.415,0.5,1.2,0.41,0.56,1.0,1.2,0.868,0.2,1.0,1.2,2.2,0.3,0.0,1.3,0.5,5.5
349,PG,21,38,37,35.2,6.3,13.4,0.46799999999999997,1.4,3.5,0.406,4.8,9.9,0.489,0.521,2.7,3.1,0.8740000000000001,0.4,3.1,3.4,4.4,0.7,0.5,1.1,2.1,16.7
363,PG,25,28,2,11.2,0.8,2.6,0.284,0.1,1.0,0.14300000000000002,0.6,1.6,0.37,0.311,0.5,0.8,0.682,0.2,0.9,1.1,2.4,0.6,0.0,0.7,0.5,2.2
550,PG,31,26,26,27.1,4.6,11.2,0.41200000000000003,2.4,6.0,0.4,2.2,5.2,0.426,0.519,1.8,2.3,0.8140000000000001,0.4,3.0,3.4,3.6,0.8,0.2,1.4,1.2,13.5
338,PG,20,32,2,17.4,2.7,6.9,0.395,1.0,2.9,0.35100000000000003,1.7,3.9,0.429,0.47,0.6,0.9,0.667,0.4,1.9,2.3,0.8,0.6,0.2,0.7,1.6,7.1
144,PG,24,1,0,3.0,0.0,1.0,0.0,0.0,1.0,0.0,0.0,0.0,0.0,0.0,0.0,0.0,0.0,0.0,0.0,0.0,0.0,0.0,0.0,0.0,0.0,0.0
97,PG,25,1,0,1.0,1.0,1.0,1.0,0.0,0.0,0.0,1.0,1.0,1.0,1.0,0.0,0.0,0.0,0.0,0.0,0.0,0.0,0.0,0.0,0.0,0.0,2.0
423,PG,27,1,0,7.0,0.0,3.0,0.0,0.0,2.0,0.0,0.0,1.0,0.0,0.0,0.0,0.0,0.0,0.0,1.0,1.0,1.0,0.0,0.0,1.0,2.0,0.0
149,PG,22,14,7,17.4,2.1,5.6,0.37200000000000005,0.5,1.8,0.28,1.6,3.8,0.415,0.41700000000000004,1.0,1.2,0.8240000000000001,1.9,2.1,4.1,0.9,0.5,0.4,0.6,2.0,5.6
510,PG,20,26,23,27.7,4.4,12.2,0.364,1.1,4.5,0.25,3.3,7.7,0.43,0.41,2.8,3.7,0.753,0.7,3.1,3.8,3.9,1.2,0.4,3.4,2.8,12.8
386,PG,26,41,40,30.0,5.2,10.9,0.478,1.7,4.5,0.377,3.5,6.5,0.547,0.555,0.7,0.9,0.7709999999999999,0.3,2.5,2.8,4.0,0.8,0.1,1.2,1.3,12.8
587,PG,23,41,41,34.8,9.3,20.5,0.455,2.8,7.5,0.37200000000000005,6.5,13.0,0.503,0.523,6.5,7.2,0.9009999999999999,0.7,3.3,4.0,9.4,1.0,0.1,4.2,1.6,27.9
560,SF,27,9,3,17.3,1.3,3.9,0.34299999999999997,0.7,2.9,0.231,0.7,1.0,0.667,0.429,0.1,0.2,0.5,0.3,2.7,3.0,0.9,0.3,0.3,0.4,1.1,3.4
241,SF,29,34,0,15.8,1.2,3.5,0.35600000000000004,0.7,2.2,0.32,0.5,1.3,0.419,0.45799999999999996,0.4,0.4,0.929,0.3,1.5,1.9,0.8,0.3,0.1,0.2,0.8,3.6
57,SF,22,12,0,5.3,0.3,1.1,0.231,0.1,0.3,0.25,0.2,0.8,0.222,0.26899999999999996,0.3,0.5,0.667,0.3,0.3,0.6,0.3,0.6,0.2,0.2,0.8,0.9
52,SF,26,6,0,6.0,0.7,1.8,0.364,0.7,1.5,0.444,0.0,0.3,0.0,0.545,0.0,0.3,0.0,0.0,0.5,0.5,0.3,0.0,0.0,0.5,0.2,2.0
418,SF,24,4,0,4.5,0.5,1.3,0.4,0.3,0.5,0.5,0.3,0.8,0.33299999999999996,0.5,0.5,1.0,0.5,0.5,1.3,1.8,0.5,0.0,0.0,0.0,0.5,1.8
543,SF,21,38,6,25.2,4.3,9.8,0.441,1.7,4.9,0.34600000000000003,2.6,4.9,0.5379999999999999,0.528,0.8,1.1,0.7559999999999999,0.6,3.6,4.2,1.3,1.0,0.7,0.8,2.1,11.2
501,SF,24,2,0,4.0,0.0,1.0,0.0,0.0,1.0,0.0,0.0,0.0,0.0,0.0,0.0,0.0,0.0,0.5,0.5,1.0,0.0,0.0,0.0,0.0,1.0,0.0
99,SF,26,1,0,5.0,0.0,3.0,0.0,0.0,2.0,0.0,0.0,1.0,0.0,0.0,0.0,0.0,0.0,0.0,0.0,0.0,0.0,0.0,0.0,0.0,0.0,0.0
439,SF,22,6,0,3.5,0.2,0.5,0.33299999999999996,0.2,0.2,1.0,0.0,0.3,0.0,0.5,0.0,0.3,0.0,0.3,0.5,0.8,0.0,0.0,0.0,0.0,0.3,0.5
330,SF,22,2,0,3.5,0.0,1.5,0.0,0.0,1.5,0.0,0.0,0.0,0.0,0.0,0.0,0.0,0.0,1.0,0.0,1.0,0.5,0.0,0.0,0.0,0.0,0.0
408,SF,23,36,9,20.3,3.3,8.0,0.413,1.5,4.1,0.374,1.8,3.9,0.45399999999999996,0.509,0.4,0.5,0.737,0.7,3.3,4.0,1.0,0.5,0.4,1.1,1.1,8.5
559,SF,21,19,0,9.2,1.2,2.5,0.489,0.0,0.2,0.0,1.2,2.3,0.535,0.489,0.8,1.2,0.652,0.6,1.6,2.3,0.6,0.2,0.5,0.7,0.9,3.2
459,SF,22,34,7,23.4,4.1,10.1,0.402,1.7,4.5,0.379,2.4,5.6,0.42100000000000004,0.48700000000000004,2.1,2.4,0.9,0.6,1.9,2.5,1.1,1.0,0.3,1.3,1.3,11.9
390,SF,21,36,0,12.8,1.2,3.7,0.32799999999999996,0.9,2.7,0.34,0.3,1.0,0.297,0.451,0.4,0.5,0.8240000000000001,0.7,1.4,2.1,0.6,0.3,0.1,0.3,0.9,3.8
356,SF,24,39,2,17.6,2.5,5.1,0.49200000000000005,0.8,2.2,0.37200000000000005,1.7,2.8,0.586,0.574,0.8,1.2,0.674,0.7,2.7,3.5,1.1,0.5,0.4,0.8,1.8,6.6
34,SF,26,2,0,3.5,1.0,3.0,0.33299999999999996,0.0,1.0,0.0,1.0,2.0,0.5,0.33299999999999996,1.0,1.0,1.0,1.0,1.0,2.0,0.0,0.5,0.0,1.0,1.0,3.0
43,SF,27,39,16,19.3,2.4,4.2,0.58,0.3,0.7,0.444,2.1,3.5,0.607,0.617,0.4,0.7,0.593,0.7,2.4,3.1,1.2,1.0,0.5,0.6,2.1,5.5
70,SF,26,21,20,28.0,6.9,16.2,0.426,1.6,4.8,0.327,5.3,11.4,0.469,0.475,3.0,3.4,0.889,0.8,2.5,3.3,2.7,1.3,0.2,1.8,3.3,18.4
341,SF,24,23,0,9.6,1.0,3.0,0.32899999999999996,0.2,1.2,0.14300000000000002,0.8,1.8,0.452,0.35700000000000004,1.1,1.3,0.862,0.6,1.8,2.4,0.9,0.4,0.1,0.9,1.0,3.3
98,SF,20,26,0,8.9,1.0,2.2,0.456,0.3,0.8,0.35,0.7,1.4,0.514,0.518,0.3,0.3,1.0,1.4,0.9,2.3,0.3,0.2,0.2,0.2,1.2,2.6
236,SF,22,1,0,2.0,0.0,1.0,0.0,0.0,0.0,0.0,0.0,1.0,0.0,0.0,0.0,0.0,0.0,1.0,1.0,2.0,0.0,0.0,0.0,0.0,0.0,0.0
297,SF,24,2,0,3.0,0.5,1.0,0.5,0.0,0.5,0.0,0.5,0.5,1.0,0.5,0.0,0.0,0.0,0.5,0.5,1.0,0.5,0.5,0.0,1.0,0.5,1.0
75,SF,25,33,33,34.8,8.7,19.2,0.456,2.8,7.7,0.358,6.0,11.5,0.521,0.528,3.8,4.8,0.7879999999999999,0.8,5.6,6.4,3.1,1.1,0.4,3.0,2.7,24.0
196,SF,34,29,21,23.7,2.3,5.6,0.40700000000000003,1.8,4.8,0.381,0.4,0.8,0.565,0.5710000000000001,0.3,0.3,0.9,0.6,2.0,2.6,1.1,1.3,0.9,0.9,1.8,6.7
74,SF,20,18,0,4.7,0.7,1.7,0.419,0.0,0.3,0.0,0.7,1.4,0.52,0.419,0.3,0.7,0.462,0.4,0.8,1.2,0.3,0.1,0.2,0.3,0.6,1.8
422,SF,26,42,10,28.0,6.0,13.3,0.45299999999999996,2.8,7.7,0.36700000000000005,3.2,5.6,0.573,0.56,1.5,2.4,0.657,1.0,2.9,3.9,1.2,1.2,0.4,1.0,2.4,16.4
259,SF,27,3,1,27.3,2.7,6.0,0.444,1.0,1.7,0.6,1.7,4.3,0.385,0.528,1.0,1.3,0.75,1.0,3.3,4.3,0.0,0.3,0.0,0.3,2.7,7.3
287,SF,26,2,0,7.5,1.0,1.5,0.667,0.0,0.0,0.0,1.0,1.5,0.667,0.667,0.0,0.0,0.0,1.0,0.5,1.5,0.0,0.5,0.0,0.0,1.0,2.0
579,SF,25,32,1,11.4,1.6,3.5,0.451,0.2,0.8,0.20800000000000002,1.4,2.8,0.517,0.473,0.4,0.8,0.52,0.6,2.5,3.1,1.2,0.5,0.4,0.9,1.1,3.8
294,SF,23,9,0,5.3,0.6,1.2,0.455,0.2,0.4,0.5,0.3,0.8,0.429,0.545,0.4,1.0,0.444,0.4,0.4,0.9,0.0,0.1,0.1,0.4,0.9,1.8
38,SF,32,25,14,16.6,1.4,4.2,0.33,0.8,2.3,0.35100000000000003,0.6,2.0,0.306,0.425,0.4,0.5,0.769,0.3,1.7,2.0,0.9,0.8,0.2,0.4,2.1,4.0
300,SF,22,41,7,18.0,2.1,4.9,0.43799999999999994,0.9,2.8,0.316,1.3,2.1,0.598,0.527,0.8,0.9,0.868,0.5,1.7,2.2,0.8,0.3,0.2,0.5,0.9,6.0
393,SF,24,38,5,16.9,2.2,5.3,0.408,0.9,2.9,0.315,1.2,2.4,0.522,0.495,0.7,0.8,0.8440000000000001,0.5,1.8,2.3,1.1,0.6,0.1,0.7,1.2,5.9
368,SF,30,36,36,31.9,6.6,15.0,0.436,2.4,6.2,0.381,4.2,8.8,0.475,0.515,4.2,4.8,0.883,0.6,5.1,5.7,5.3,1.1,0.3,3.2,2.3,19.7
326,SF,23,1,0,5.0,0.0,2.0,0.0,0.0,2.0,0.0,0.0,0.0,0.0,0.0,0.0,0.0,0.0,0.0,0.0,0.0,0.0,1.0,1.0,1.0,1.0,0.0
442,SF,23,9,9,29.4,4.1,11.4,0.359,1.1,5.3,0.20800000000000002,3.0,6.1,0.491,0.408,0.6,1.0,0.556,1.0,5.6,6.6,1.9,1.1,0.2,1.3,1.8,9.9
533,SF,28,44,4,15.7,1.8,3.8,0.491,0.4,1.4,0.27899999999999997,1.5,2.4,0.615,0.542,0.7,1.1,0.5920000000000001,0.5,2.4,2.9,2.0,0.8,0.3,1.1,1.7,4.7
568,SF,26,42,42,31.5,6.8,14.1,0.486,2.2,5.4,0.413,4.6,8.7,0.53,0.564,2.4,3.5,0.6709999999999999,1.1,3.1,4.2,2.0,0.9,0.6,1.6,1.8,18.3
36,SF,26,38,12,17.3,2.3,4.6,0.5,0.3,1.1,0.325,2.0,3.6,0.551,0.537,0.8,1.1,0.69,1.2,3.1,4.3,0.7,0.4,0.3,0.8,1.0,5.7
409,SF,28,43,43,31.6,2.6,5.4,0.48700000000000004,1.5,3.6,0.406,1.2,1.8,0.649,0.623,0.7,0.9,0.763,0.8,4.3,5.2,2.5,1.3,0.5,0.9,2.5,7.4
212,SF,28,30,14,18.4,1.6,3.5,0.44299999999999995,0.5,2.0,0.267,1.0,1.5,0.674,0.519,0.3,0.5,0.667,0.2,2.1,2.3,0.5,0.4,0.6,0.6,1.5,4.0
64,SF,23,20,0,8.4,0.8,2.6,0.314,0.3,1.3,0.2,0.6,1.3,0.423,0.363,0.4,0.5,0.8,0.4,1.0,1.4,0.7,0.3,0.1,0.3,1.0,2.3
435,SF,26,11,0,8.5,0.7,2.5,0.29600000000000004,0.5,1.8,0.25,0.3,0.6,0.429,0.389,0.4,0.4,1.0,0.0,1.5,1.5,1.1,0.4,0.2,0.2,0.8,2.3
397,SF,22,31,1,10.7,1.2,3.3,0.373,0.5,2.2,0.235,0.7,1.1,0.647,0.451,0.3,0.4,0.818,0.3,1.5,1.7,0.4,0.3,0.1,0.6,1.3,3.3
10,SF,28,3,0,10.0,0.7,3.7,0.182,0.3,3.0,0.111,0.3,0.7,0.5,0.22699999999999998,1.0,1.0,1.0,0.7,0.7,1.3,1.0,0.3,0.3,0.3,1.7,2.7
17,SF,36,12,5,19.2,1.3,3.3,0.375,1.0,2.8,0.364,0.3,0.6,0.429,0.525,0.2,0.3,0.5,0.3,2.9,3.3,1.3,0.5,0.2,0.3,0.6,3.7
67,SF,23,35,1,18.6,2.4,5.6,0.423,0.9,2.6,0.33299999999999996,1.5,3.0,0.5,0.5,0.7,1.1,0.6,1.3,2.7,3.9,0.7,0.5,0.3,0.7,1.4,6.3
361,SF,29,12,3,15.4,1.9,4.8,0.40399999999999997,0.8,2.2,0.34600000000000003,1.2,2.6,0.452,0.48200000000000004,0.1,0.5,0.16699999999999998,1.1,1.0,2.1,0.3,0.2,0.3,0.5,1.7,4.7
333,SF,26,30,12,14.3,1.5,3.9,0.385,0.9,2.7,0.34600000000000003,0.6,1.2,0.47200000000000003,0.504,0.6,0.7,0.85,0.3,1.3,1.5,0.8,0.4,0.1,0.4,1.5,4.5
257,SF,24,36,36,34.4,8.2,18.4,0.44299999999999995,1.6,4.7,0.345,6.6,13.8,0.47600000000000003,0.486,4.5,5.5,0.818,0.8,5.3,6.1,5.2,0.6,0.3,2.6,2.0,22.4
342,SF,26,36,9,23.1,3.7,7.2,0.517,1.0,2.8,0.37,2.7,4.4,0.61,0.589,1.1,1.6,0.7140000000000001,1.3,2.8,4.0,0.9,1.1,0.5,0.8,1.7,9.6
557,SF,27,18,4,17.8,2.1,5.5,0.384,1.1,3.1,0.345,1.1,2.4,0.43200000000000005,0.48,0.8,1.3,0.583,0.7,2.8,3.6,0.8,0.4,0.6,0.7,1.4,6.1
155,SF,21,25,0,10.6,1.3,3.0,0.42100000000000004,0.5,1.6,0.308,0.8,1.5,0.541,0.5,0.5,0.6,0.813,0.6,1.4,2.0,0.7,0.5,0.0,0.4,1.3,3.6
231,SF,25,4,0,10.5,1.0,2.0,0.5,1.0,1.8,0.5710000000000001,0.0,0.3,0.0,0.75,0.0,0.0,0.0,0.5,0.8,1.3,0.0,0.0,0.3,0.0,0.8,3.0
78,SF,22,33,2,15.7,1.7,4.0,0.41700000000000004,0.6,1.8,0.311,1.1,2.2,0.507,0.489,0.5,0.7,0.773,0.6,2.4,3.0,1.2,0.6,0.1,0.4,0.9,4.4
264,SF,26,3,0,7.7,1.7,2.3,0.7140000000000001,1.0,1.7,0.6,0.7,0.7,1.0,0.929,0.0,0.0,0.0,0.3,1.7,2.0,0.0,0.0,0.0,0.3,0.7,4.3
309,SF,24,1,0,3.0,0.0,0.0,0.0,0.0,0.0,0.0,0.0,0.0,0.0,0.0,0.0,0.0,0.0,0.0,0.0,0.0,0.0,0.0,0.0,0.0,0.0,0.0
316,SF,26,38,38,34.0,9.0,18.4,0.491,2.9,7.2,0.41200000000000003,6.1,11.2,0.542,0.5720000000000001,3.9,4.5,0.872,0.3,4.4,4.8,4.2,0.6,0.3,2.8,1.6,24.9
117,SF,31,41,4,17.9,2.3,4.8,0.47200000000000003,0.7,2.3,0.309,1.6,2.5,0.621,0.546,0.6,0.7,0.828,1.2,2.4,3.7,1.1,0.4,0.3,0.7,1.8,5.8
547,SF,20,47,47,32.3,5.8,12.9,0.452,1.2,3.5,0.341,4.6,9.4,0.493,0.498,2.5,3.0,0.843,1.1,3.6,4.8,2.8,1.0,0.5,1.6,2.2,15.3
255,SF,38,25,0,20.5,1.6,4.0,0.386,0.5,2.4,0.217,1.0,1.6,0.634,0.45,0.5,0.6,0.813,0.8,2.6,3.4,3.9,0.8,0.8,0.9,1.0,4.2
572,SF,27,37,0,20.5,2.8,6.1,0.46,0.8,2.2,0.38799999999999996,1.9,3.9,0.5,0.529,0.6,1.1,0.537,1.4,2.6,4.1,1.9,0.9,0.1,0.8,1.7,7.0
82,SF,30,38,13,23.6,2.2,5.9,0.379,1.4,4.4,0.32,0.8,1.4,0.564,0.5,0.4,0.5,0.737,0.4,2.7,3.1,1.2,0.4,0.1,0.5,1.3,6.3
139,SF,22,41,41,32.2,5.5,13.9,0.39799999999999996,2.4,7.5,0.324,3.1,6.4,0.485,0.485,2.8,3.3,0.852,0.6,3.4,4.0,1.6,0.8,0.4,1.6,2.9,16.2
250,SF,23,10,1,6.2,1.0,1.9,0.526,0.7,1.4,0.5,0.3,0.5,0.6,0.711,0.3,0.3,1.0,0.0,0.9,0.9,0.4,0.2,0.0,0.4,0.4,3.0
226,SF,22,6,0,2.8,0.2,0.8,0.2,0.0,0.2,0.0,0.2,0.7,0.25,0.2,0.0,0.0,0.0,0.0,0.2,0.2,0.0,0.0,0.3,0.3,0.3,0.3
299,SF,22,5,0,11.0,1.8,5.2,0.34600000000000003,1.0,3.2,0.313,0.8,2.0,0.4,0.442,1.2,1.4,0.857,0.0,1.6,1.6,0.2,0.4,0.0,0.0,1.6,5.8
576,SF,20,29,8,20.1,2.5,6.1,0.40399999999999997,1.0,3.7,0.27399999999999997,1.5,2.5,0.597,0.486,0.5,0.6,0.833,0.2,1.3,1.6,0.8,0.5,0.2,0.6,1.8,6.5
394,SF,28,14,0,10.4,0.9,2.5,0.34299999999999997,0.3,1.0,0.28600000000000003,0.6,1.5,0.381,0.4,0.4,0.7,0.6,0.3,1.6,1.9,0.5,0.6,0.3,0.8,1.4,2.4
32,SF,21,39,39,32.3,6.1,14.6,0.41700000000000004,1.9,5.5,0.35,4.2,9.1,0.456,0.48200000000000004,2.8,4.2,0.685,0.8,4.9,5.7,2.4,0.5,0.3,2.0,2.1,16.9
158,SF,31,3,0,4.7,0.7,2.0,0.33299999999999996,0.0,0.7,0.0,0.7,1.3,0.5,0.33299999999999996,0.0,0.3,0.0,0.3,0.3,0.7,1.0,0.0,0.0,0.3,0.3,1.3
252,SF,25,6,0,3.7,0.2,0.3,0.5,0.0,0.0,0.0,0.2,0.3,0.5,0.5,0.3,0.3,1.0,0.0,0.8,0.8,0.3,0.0,0.0,0.7,0.2,0.7
337,SF,25,46,15,29.4,3.9,8.2,0.47600000000000003,1.0,2.8,0.369,2.9,5.4,0.532,0.54,1.4,1.9,0.7440000000000001,1.4,3.9,5.3,2.3,0.5,0.1,1.1,2.2,10.3
56,SF,21,24,2,7.8,0.4,1.3,0.281,0.1,0.5,0.16699999999999998,0.3,0.8,0.35,0.313,0.3,0.4,0.889,0.6,0.8,1.5,0.5,0.2,0.0,0.5,0.9,1.2
343,SF,26,41,6,27.0,3.0,6.4,0.466,1.0,2.3,0.447,2.0,4.1,0.47600000000000003,0.546,1.2,1.7,0.7140000000000001,1.3,3.0,4.2,2.7,1.4,0.5,0.9,1.6,8.2
312,SF,24,2,0,4.0,0.0,1.0,0.0,0.0,1.0,0.0,0.0,0.0,0.0,0.0,0.0,0.0,0.0,0.0,0.5,0.5,1.0,0.0,0.0,0.0,0.0,0.0
325,SF,21,40,21,25.5,3.3,7.3,0.444,1.1,3.6,0.31,2.1,3.7,0.574,0.52,1.7,2.2,0.742,1.4,4.2,5.5,1.2,0.6,0.9,0.9,2.0,9.3
578,SF,25,30,0,10.7,1.1,2.4,0.451,0.7,1.7,0.41200000000000003,0.4,0.7,0.55,0.599,0.2,0.3,0.875,0.4,1.5,1.9,0.8,0.3,0.1,0.3,1.0,3.1
71,SF,25,36,18,21.6,2.8,5.8,0.488,0.3,0.9,0.313,2.5,4.9,0.52,0.512,0.7,0.9,0.774,1.3,3.1,4.4,1.2,1.1,0.5,0.7,2.7,6.6
13,SF,29,28,5,11.9,1.4,2.9,0.46299999999999997,0.0,0.4,0.091,1.3,2.5,0.521,0.47,0.5,0.9,0.625,1.1,1.7,2.8,0.7,0.5,0.3,0.6,1.9,3.3
239,SF,32,40,31,28.8,3.8,9.4,0.406,2.7,7.1,0.37200000000000005,1.2,2.3,0.511,0.546,0.7,0.8,0.818,0.3,2.5,2.8,1.7,0.7,0.4,1.0,2.1,11.0
153,SF,21,14,7,25.6,3.1,7.1,0.444,1.4,3.4,0.426,1.7,3.7,0.462,0.545,0.1,0.1,1.0,1.3,2.9,4.1,0.9,1.0,0.7,1.1,1.9,7.8
313,SF,29,31,0,14.8,2.2,5.9,0.368,1.0,3.0,0.337,1.2,2.9,0.4,0.45299999999999996,1.7,1.9,0.898,0.4,1.9,2.4,1.3,0.5,0.4,0.6,1.2,7.0
251,SF,24,17,16,29.1,4.9,10.9,0.45399999999999996,1.6,4.1,0.4,3.3,6.8,0.48700000000000004,0.53,1.2,1.8,0.677,0.4,3.0,3.4,1.0,0.6,0.5,1.4,2.6,12.8
344,SF,26,27,1,16.4,2.6,6.2,0.41700000000000004,0.8,2.7,0.297,1.8,3.5,0.511,0.48200000000000004,0.3,0.5,0.6920000000000001,0.6,1.4,2.0,0.8,0.5,0.3,0.5,1.3,6.3
200,SF,28,29,18,22.2,2.1,4.3,0.496,0.4,1.1,0.364,1.7,3.2,0.5429999999999999,0.544,1.1,1.4,0.8,1.5,2.7,4.2,1.0,0.8,0.4,0.6,2.1,5.8
483,SF,25,2,0,5.5,1.5,3.0,0.5,0.0,0.5,0.0,1.5,2.5,0.6,0.5,0.0,0.0,0.0,0.5,0.5,1.0,0.0,0.5,0.5,0.0,1.0,3.0
19,SF,21,46,6,22.5,2.6,6.0,0.43700000000000006,0.8,2.8,0.302,1.8,3.2,0.5539999999999999,0.507,1.1,1.5,0.731,0.7,4.0,4.7,1.6,0.8,0.7,0.9,2.2,7.2
245,SF,28,4,0,16.3,1.8,4.0,0.43799999999999994,1.0,2.8,0.364,0.8,1.3,0.6,0.563,0.5,0.5,1.0,0.5,1.5,2.0,1.5,0.3,0.3,0.3,1.5,5.0
317,SF,27,19,1,8.3,0.9,2.4,0.37,0.2,1.3,0.16699999999999998,0.7,1.2,0.591,0.413,0.3,0.4,0.75,0.2,1.0,1.2,0.3,0.3,0.2,0.4,0.4,2.3
509,SF,25,35,8,23.8,4.1,8.9,0.455,2.7,6.5,0.41200000000000003,1.4,2.4,0.5710000000000001,0.606,0.9,1.1,0.775,0.4,3.0,3.4,1.3,0.3,0.2,0.7,1.5,11.7
416,SF,25,2,0,21.5,5.0,7.5,0.667,0.5,1.5,0.33299999999999996,4.5,6.0,0.75,0.7,1.0,1.5,0.667,1.0,2.0,3.0,1.5,0.5,0.5,0.0,2.5,11.5
420,SF,26,34,0,22.7,3.8,8.8,0.431,2.0,5.6,0.363,1.8,3.2,0.55,0.547,1.1,1.7,0.655,0.4,2.1,2.5,1.7,1.0,0.2,0.9,1.8,10.7
310,SF,19,34,4,11.9,2.3,4.8,0.47600000000000003,0.5,1.6,0.302,1.8,3.3,0.5589999999999999,0.524,1.4,2.2,0.653,0.5,1.9,2.4,0.5,0.4,0.2,0.8,1.5,6.5
272,SF,26,4,0,16.3,2.8,6.3,0.44,1.0,2.5,0.4,1.8,3.8,0.467,0.52,0.0,0.0,0.0,1.5,2.3,3.8,0.0,0.0,0.3,0.0,1.0,6.5
233,SF,26,4,0,12.8,1.3,3.0,0.41700000000000004,0.8,2.0,0.375,0.5,1.0,0.5,0.542,1.0,1.5,0.667,1.0,1.3,2.3,0.5,0.0,0.0,0.3,2.0,4.3
256,SF,34,41,11,25.1,2.6,6.4,0.414,1.8,5.0,0.35700000000000004,0.8,1.3,0.63,0.556,0.3,0.4,0.778,0.3,2.7,3.0,3.5,0.6,0.1,1.1,1.8,7.4
225,SF,31,45,45,33.1,6.2,13.1,0.47100000000000003,1.8,4.6,0.397,4.3,8.4,0.512,0.542,2.8,3.3,0.846,0.8,3.9,4.7,3.7,1.0,0.5,1.7,1.8,17.0
582,SF,22,8,0,1.9,0.1,0.5,0.25,0.1,0.1,1.0,0.0,0.4,0.0,0.375,0.3,0.3,1.0,0.0,0.3,0.3,0.0,0.0,0.0,0.1,0.3,0.6
513,SF,26,45,44,27.2,5.0,9.8,0.503,0.8,2.6,0.303,4.2,7.2,0.5770000000000001,0.544,1.8,2.6,0.701,1.7,4.0,5.7,3.1,0.9,0.6,1.8,3.6,12.5
396,SG,22,6,0,7.0,0.8,1.8,0.455,0.0,0.2,0.0,0.8,1.7,0.5,0.455,0.2,0.3,0.5,0.0,0.3,0.3,1.7,0.0,0.0,0.2,0.3,1.8
456,SG,20,15,0,5.5,0.9,2.3,0.41200000000000003,0.1,0.7,0.182,0.8,1.5,0.522,0.441,0.3,0.7,0.5,0.1,0.3,0.3,0.2,0.1,0.1,0.1,0.3,2.3
247,SG,22,17,0,6.9,1.4,3.8,0.359,1.1,2.8,0.396,0.2,0.9,0.25,0.508,0.4,0.5,0.875,0.0,0.3,0.3,0.3,0.4,0.0,0.4,0.6,4.2
202,SG,21,31,0,12.1,1.6,3.0,0.5479999999999999,0.2,0.6,0.35,1.4,2.4,0.603,0.586,0.5,0.7,0.667,0.6,1.3,1.9,1.0,0.5,0.2,0.4,1.5,4.0
270,SG,22,30,1,12.0,1.2,3.7,0.33299999999999996,0.9,2.8,0.306,0.4,0.9,0.423,0.45,0.5,0.5,0.938,0.1,1.1,1.2,0.7,0.3,0.1,0.3,0.8,3.8
148,SG,24,38,26,29.1,5.2,11.7,0.442,1.8,5.1,0.35200000000000004,3.4,6.7,0.51,0.518,1.4,1.9,0.722,0.7,3.4,4.1,2.2,1.1,0.2,1.6,1.8,13.5
85,SG,21,20,1,5.7,0.9,2.6,0.34600000000000003,0.5,1.5,0.33299999999999996,0.4,1.1,0.364,0.442,0.3,0.5,0.667,0.1,0.7,0.8,0.7,0.2,0.3,0.8,1.0,2.6
465,SG,29,31,9,20.3,2.1,5.5,0.379,1.1,3.6,0.313,0.9,1.8,0.509,0.48200000000000004,0.4,0.6,0.611,0.4,1.4,1.7,1.0,0.5,0.1,0.8,1.6,5.6
484,SG,21,14,0,6.8,1.1,2.9,0.375,0.4,1.4,0.263,0.7,1.5,0.47600000000000003,0.43799999999999994,0.3,0.5,0.5710000000000001,0.1,0.6,0.8,0.5,0.2,0.2,0.4,0.4,2.8
460,SG,26,18,2,16.6,1.7,3.7,0.47,0.7,1.7,0.419,1.0,1.9,0.514,0.568,0.2,0.3,0.8,0.5,2.4,2.9,1.2,0.9,0.2,0.2,1.7,4.4
120,SG,24,3,0,4.0,0.3,0.7,0.5,0.0,0.3,0.0,0.3,0.3,1.0,0.5,0.0,0.0,0.0,0.3,0.7,1.0,0.3,0.0,0.0,0.0,0.7,0.7
41,SG,25,45,9,26.9,4.4,11.9,0.375,3.0,8.7,0.349,1.4,3.2,0.444,0.502,0.5,0.6,0.7240000000000001,0.4,2.8,3.2,1.6,0.6,0.1,0.7,1.2,12.4
274,SG,20,2,0,1.0,0.0,0.5,0.0,0.0,0.5,0.0,0.0,0.0,0.0,0.0,0.0,0.0,0.0,0.0,0.0,0.0,0.0,0.0,0.0,0.0,0.0,0.0
516,SG,35,43,12,19.4,2.0,5.2,0.39,1.2,3.4,0.35200000000000004,0.8,1.8,0.462,0.504,0.5,0.7,0.733,0.6,2.1,2.7,1.2,0.8,0.4,0.8,1.6,5.7
482,SG,28,40,25,31.7,5.8,13.0,0.44299999999999995,1.5,4.3,0.359,4.3,8.8,0.484,0.502,2.8,3.3,0.85,0.6,2.9,3.5,4.7,1.0,0.1,2.2,2.5,15.9
176,SG,30,3,0,16.3,0.3,4.3,0.077,0.0,2.7,0.0,0.3,1.7,0.2,0.077,0.0,0.0,0.0,0.7,2.7,3.3,2.3,0.3,0.0,0.3,0.7,0.7
495,SG,21,3,0,9.0,0.3,3.3,0.1,0.3,2.3,0.14300000000000002,0.0,1.0,0.0,0.15,0.0,0.0,0.0,0.0,2.0,2.0,0.3,1.0,0.3,0.0,1.3,1.0
412,SG,23,29,6,12.9,0.8,2.4,0.32899999999999996,0.3,1.1,0.25,0.5,1.3,0.395,0.386,0.8,1.3,0.622,0.9,1.2,2.0,0.6,0.6,0.3,0.5,1.3,2.7
522,SG,20,34,1,17.4,3.0,7.0,0.43,0.6,2.6,0.233,2.4,4.3,0.551,0.475,0.8,1.0,0.7879999999999999,0.2,2.2,2.4,1.0,0.5,0.1,0.8,0.8,7.4
111,SG,29,45,15,27.6,3.7,7.9,0.47200000000000003,2.3,5.7,0.401,1.4,2.2,0.657,0.617,0.7,0.8,0.8109999999999999,0.7,3.8,4.5,1.4,0.9,0.3,0.6,1.3,10.4
353,SG,30,27,27,35.0,8.0,18.6,0.42700000000000005,3.3,8.1,0.402,4.7,10.5,0.447,0.515,1.5,2.1,0.7020000000000001,1.0,3.0,4.0,4.3,1.1,0.7,2.1,2.1,20.7
107,SG,24,34,12,20.4,2.3,5.0,0.456,1.2,3.2,0.389,1.1,1.9,0.5710000000000001,0.579,1.3,1.5,0.88,0.4,2.6,3.0,1.6,0.5,0.2,0.4,1.2,7.1
480,SG,23,2,0,7.0,0.0,3.0,0.0,0.0,1.5,0.0,0.0,1.5,0.0,0.0,0.0,0.0,0.0,1.0,0.5,1.5,0.0,0.0,0.0,0.0,0.0,0.0
552,SG,23,2,0,4.0,0.0,2.0,0.0,0.0,1.0,0.0,0.0,1.0,0.0,0.0,0.0,0.0,0.0,0.0,0.5,0.5,0.5,1.0,0.0,0.0,0.5,0.0
248,SG,23,38,24,29.1,4.6,9.9,0.45899999999999996,1.8,5.0,0.363,2.7,4.9,0.556,0.55,0.6,0.8,0.8,0.4,3.1,3.5,2.9,0.5,0.3,1.3,2.0,11.6
141,SG,27,2,0,10.5,1.0,2.0,0.5,0.0,0.5,0.0,1.0,1.5,0.667,0.5,0.0,0.0,0.0,0.0,1.0,1.0,0.5,0.0,0.0,0.0,0.0,2.0
134,SG,23,38,21,22.6,4.5,8.8,0.512,0.4,1.6,0.254,4.1,7.2,0.5670000000000001,0.534,1.4,2.2,0.627,1.0,3.6,4.6,1.3,1.3,0.4,1.1,2.5,10.8
6,SG,23,42,18,26.5,4.7,12.8,0.37,2.0,6.2,0.313,2.8,6.6,0.424,0.446,1.2,1.7,0.7040000000000001,0.8,2.6,3.4,2.6,0.8,0.3,1.6,1.8,12.6
169,SG,29,44,44,29.0,5.0,11.8,0.419,2.7,6.9,0.39,2.3,4.9,0.46,0.534,1.1,1.5,0.7340000000000001,0.5,2.4,2.8,1.8,0.9,0.3,1.3,1.9,13.7
464,SG,28,35,0,25.4,3.5,8.0,0.44299999999999995,1.4,3.5,0.402,2.1,4.5,0.475,0.53,1.5,1.7,0.85,0.6,2.1,2.7,1.6,0.9,0.5,0.8,1.9,9.9
524,SG,27,21,0,12.1,1.7,3.9,0.43200000000000005,1.1,2.5,0.434,0.6,1.3,0.429,0.574,0.3,0.5,0.7,0.1,1.0,1.1,0.6,0.3,0.0,0.2,0.5,4.8
323,SG,21,2,0,3.5,0.0,0.0,0.0,0.0,0.0,0.0,0.0,0.0,0.0,0.0,0.5,1.0,0.5,0.0,0.0,0.0,0.5,0.5,0.0,0.0,0.0,0.5
61,SG,21,19,0,8.1,1.3,3.6,0.36200000000000004,0.6,1.5,0.39299999999999996,0.7,2.2,0.341,0.442,0.4,0.5,0.8,0.7,0.7,1.4,0.8,0.1,0.0,0.3,0.6,3.6
7,SG,26,41,40,28.1,4.1,9.6,0.423,2.6,6.7,0.391,1.5,3.0,0.496,0.5579999999999999,1.0,1.2,0.857,0.5,2.9,3.4,1.3,0.8,0.4,0.6,1.5,11.8
365,SG,23,39,13,22.7,3.5,9.0,0.386,1.5,4.8,0.317,2.0,4.3,0.46399999999999997,0.47,1.2,1.7,0.708,0.9,3.4,4.3,2.7,1.6,0.6,1.5,1.8,9.7
289,SG,23,2,0,4.5,1.0,4.0,0.25,0.0,1.0,0.0,1.0,3.0,0.33299999999999996,0.25,0.5,1.0,0.5,0.5,0.5,1.0,0.0,0.5,0.0,0.5,0.5,2.5
230,SG,29,47,6,29.1,5.1,12.9,0.395,3.5,9.2,0.38299999999999995,1.6,3.7,0.425,0.531,1.7,1.9,0.867,0.7,3.2,3.9,2.0,0.9,0.3,1.6,2.0,15.3
208,SG,24,1,0,2.0,0.0,0.0,0.0,0.0,0.0,0.0,0.0,0.0,0.0,0.0,0.0,0.0,0.0,0.0,0.0,0.0,0.0,0.0,0.0,0.0,0.0,0.0
376,SG,23,41,11,26.2,4.4,9.3,0.47600000000000003,2.1,5.1,0.408,2.3,4.2,0.561,0.589,1.0,1.2,0.8240000000000001,0.5,2.6,3.1,2.3,0.7,0.5,1.3,1.6,12.0
453,SG,24,8,0,8.6,1.6,3.6,0.44799999999999995,1.0,2.8,0.364,0.6,0.9,0.7140000000000001,0.586,0.4,0.4,1.0,0.6,1.1,1.8,0.4,0.6,0.0,0.9,0.8,4.6
122,SG,31,40,40,34.8,6.0,11.8,0.509,2.3,5.5,0.41700000000000004,3.7,6.3,0.5870000000000001,0.605,1.6,1.8,0.877,0.4,3.0,3.4,4.0,0.8,0.2,1.9,2.2,15.8
505,SG,28,2,0,12.0,1.5,4.0,0.375,1.0,2.0,0.5,0.5,2.0,0.25,0.5,1.5,2.0,0.75,0.5,1.0,1.5,0.5,0.0,0.0,0.0,0.5,5.5
561,SG,25,3,0,5.3,1.3,1.3,1.0,0.0,0.0,0.0,1.3,1.3,1.0,1.0,0.0,0.0,0.0,0.0,0.3,0.3,0.0,0.3,0.3,0.3,1.7,2.7
244,SG,21,30,15,27.1,4.1,9.8,0.418,0.8,3.2,0.247,3.3,6.6,0.503,0.45899999999999996,1.6,2.1,0.778,0.6,2.9,3.6,2.7,0.9,0.5,1.5,2.7,10.6
515,SG,22,2,0,3.0,0.0,0.0,0.0,0.0,0.0,0.0,0.0,0.0,0.0,0.0,0.0,0.0,0.0,0.0,0.5,0.5,0.5,0.0,0.0,0.0,0.0,0.0
152,SG,20,39,39,35.1,8.1,18.3,0.442,3.3,8.7,0.37200000000000005,4.8,9.5,0.507,0.532,2.7,3.4,0.805,1.1,4.1,5.2,3.6,1.5,0.7,3.1,2.3,22.2
564,SG,27,41,40,30.4,5.0,11.9,0.42200000000000004,1.6,5.2,0.299,3.5,6.7,0.518,0.488,2.9,3.4,0.857,0.5,3.0,3.5,5.5,1.1,1.0,1.7,2.3,14.5
207,SG,21,43,43,34.0,5.2,11.0,0.467,2.0,4.8,0.429,3.1,6.3,0.496,0.56,1.4,1.7,0.8190000000000001,0.7,3.1,3.9,7.1,1.7,0.7,2.2,1.4,13.7
218,SG,28,2,0,11.5,1.0,3.0,0.33299999999999996,0.0,1.0,0.0,1.0,2.0,0.5,0.33299999999999996,0.0,0.0,0.0,0.5,1.5,2.0,1.5,0.5,0.5,1.0,1.5,2.0
59,SG,20,30,0,16.2,2.4,6.8,0.35100000000000003,0.7,2.4,0.28800000000000003,1.7,4.4,0.386,0.402,1.2,1.4,0.86,0.3,2.2,2.5,0.9,0.6,0.2,0.7,0.8,6.7
583,SG,29,40,4,17.8,1.6,3.4,0.456,0.6,1.4,0.444,1.0,2.1,0.46299999999999997,0.544,0.7,0.9,0.8240000000000001,0.7,2.1,2.8,2.5,0.9,0.2,0.7,0.7,4.4
102,SG,20,39,2,15.9,2.6,5.6,0.45899999999999996,0.7,2.1,0.34600000000000003,1.8,3.5,0.526,0.523,1.0,1.3,0.8,0.7,1.3,2.0,1.6,0.8,0.2,1.5,1.1,6.9
511,SG,28,3,0,6.3,1.0,1.3,0.75,0.0,0.3,0.0,1.0,1.0,1.0,0.75,0.0,0.0,0.0,0.0,0.0,0.0,0.3,1.3,0.0,0.3,2.3,2.0
145,SG,25,18,0,18.9,2.0,5.5,0.364,0.8,2.7,0.313,1.2,2.8,0.41200000000000003,0.439,0.6,0.7,0.769,0.8,2.7,3.5,1.6,0.6,0.3,0.7,1.8,5.4
296,SG,25,37,10,28.7,4.0,9.4,0.42700000000000005,2.7,6.3,0.431,1.3,3.1,0.41700000000000004,0.5710000000000001,0.8,0.9,0.8859999999999999,0.2,3.1,3.3,2.0,0.6,0.1,0.8,1.6,11.5
487,SG,23,11,11,28.7,6.2,13.7,0.45,1.0,4.1,0.244,5.2,9.6,0.5379999999999999,0.48700000000000004,2.6,3.5,0.7440000000000001,1.2,2.1,3.3,2.1,0.9,0.0,2.8,2.3,16.0
154,SG,25,2,0,5.5,0.5,2.0,0.25,0.5,2.0,0.25,0.0,0.0,0.0,0.375,0.0,0.0,0.0,0.0,1.5,1.5,0.0,0.0,0.0,0.5,0.0,1.5
279,SG,19,15,0,9.0,1.1,3.4,0.33299999999999996,0.2,0.7,0.273,0.9,2.7,0.35,0.363,1.1,1.4,0.762,0.4,1.0,1.4,0.9,0.5,0.1,0.5,1.4,3.5
485,SG,27,3,0,6.3,0.3,1.3,0.25,0.3,0.7,0.5,0.0,0.7,0.0,0.375,0.7,1.3,0.5,0.0,0.3,0.3,0.3,0.0,0.0,0.0,0.3,1.7
389,SG,24,1,0,1.0,0.0,0.0,0.0,0.0,0.0,0.0,0.0,0.0,0.0,0.0,0.0,0.0,0.0,0.0,0.0,0.0,0.0,0.0,0.0,0.0,0.0,0.0
265,SG,31,43,43,31.6,6.3,16.1,0.389,2.4,7.5,0.321,3.8,8.6,0.44799999999999995,0.46399999999999997,1.8,2.1,0.8440000000000001,0.5,3.0,3.4,4.2,0.8,0.1,2.2,1.9,16.7
105,SG,29,45,0,26.1,5.6,13.9,0.402,2.5,7.9,0.321,3.0,6.0,0.507,0.493,1.6,2.0,0.809,0.7,2.8,3.5,2.2,0.7,0.3,1.6,1.8,15.3
62,SG,31,38,33,23.7,2.6,6.1,0.424,1.4,3.5,0.38799999999999996,1.2,2.6,0.474,0.537,0.3,0.3,0.917,0.6,1.9,2.5,0.9,0.9,0.2,0.5,1.8,6.8
119,SG,22,21,0,10.5,1.7,4.1,0.419,0.4,1.3,0.28600000000000003,1.3,2.8,0.483,0.465,0.4,0.9,0.474,0.4,1.4,1.8,1.1,0.7,0.1,0.5,1.2,4.2
404,SG,22,30,0,14.3,3.1,6.5,0.48,0.9,2.3,0.371,2.3,4.2,0.54,0.546,1.0,1.4,0.7070000000000001,0.3,1.8,2.1,2.0,0.6,0.2,0.5,1.1,8.1
466,SG,27,43,38,27.4,3.9,10.2,0.387,3.0,8.5,0.35200000000000004,0.9,1.7,0.563,0.534,0.7,0.8,0.8059999999999999,0.4,2.8,3.2,1.5,0.7,0.2,0.8,2.6,11.5
452,SG,24,37,2,13.6,1.8,4.9,0.37,1.2,3.1,0.371,0.6,1.8,0.369,0.489,0.2,0.2,1.0,0.3,1.5,1.8,1.8,0.2,0.1,0.7,0.9,5.0
84,SG,30,45,19,27.5,3.5,9.0,0.385,1.9,4.7,0.39799999999999996,1.6,4.3,0.371,0.489,2.7,3.2,0.836,0.6,3.8,4.4,2.5,1.2,0.2,0.9,2.3,11.5
242,SG,32,1,0,18.0,2.0,4.0,0.5,0.0,1.0,0.0,2.0,3.0,0.667,0.5,0.0,0.0,0.0,0.0,1.0,1.0,1.0,0.0,0.0,2.0,1.0,4.0
379,SG,27,6,0,13.8,2.3,5.7,0.41200000000000003,0.5,1.7,0.3,1.8,4.0,0.45799999999999996,0.456,0.3,0.5,0.667,0.2,1.3,1.5,1.7,0.8,0.2,0.5,0.7,5.5
369,SG,34,1,0,2.0,0.0,0.0,0.0,0.0,0.0,0.0,0.0,0.0,0.0,0.0,0.0,0.0,0.0,0.0,0.0,0.0,0.0,0.0,0.0,0.0,1.0,0.0
190,SG,23,2,0,3.0,0.0,1.5,0.0,0.0,0.5,0.0,0.0,1.0,0.0,0.0,0.0,0.0,0.0,0.0,0.5,0.5,0.0,0.0,0.0,0.0,0.5,0.0
215,SG,27,40,30,29.7,4.3,9.7,0.441,1.7,4.9,0.35600000000000004,2.6,4.9,0.526,0.53,1.3,1.6,0.8390000000000001,0.7,1.6,2.3,1.8,0.9,0.2,1.2,2.0,11.6
156,SG,34,30,8,20.1,2.2,5.4,0.39899999999999997,1.9,5.0,0.38299999999999995,0.3,0.5,0.5710000000000001,0.574,0.1,0.2,0.8,0.2,1.4,1.6,0.7,0.5,0.1,0.5,1.0,6.4
346,SG,25,30,16,27.6,3.3,7.9,0.41600000000000004,2.5,6.6,0.377,0.8,1.3,0.615,0.574,2.4,2.9,0.818,0.5,3.1,3.6,0.9,0.7,0.4,0.6,3.0,11.5
269,SG,24,36,3,15.6,2.6,6.6,0.391,1.0,3.6,0.287,1.6,3.0,0.514,0.46799999999999997,0.8,1.0,0.8059999999999999,0.4,1.1,1.5,1.7,0.6,0.1,0.7,1.4,7.0
374,SG,25,40,40,33.5,9.3,20.7,0.45,3.2,9.5,0.33899999999999997,6.1,11.2,0.545,0.528,3.7,4.2,0.8759999999999999,0.8,3.1,4.0,5.2,1.6,0.2,3.0,2.5,25.5
474,SG,27,37,37,32.7,6.9,15.7,0.439,3.1,8.0,0.38,3.8,7.7,0.5,0.536,1.9,2.4,0.818,0.7,3.4,4.1,3.9,1.1,0.4,1.1,1.4,18.8
458,SG,23,27,0,21.1,2.1,4.3,0.48700000000000004,0.8,2.4,0.33799999999999997,1.3,1.9,0.68,0.583,1.1,1.3,0.857,0.4,2.1,2.6,1.0,0.3,0.1,0.6,1.6,6.1
567,SG,23,27,15,21.8,2.7,5.7,0.484,0.8,2.5,0.313,2.0,3.2,0.616,0.552,1.1,1.6,0.69,0.9,2.6,3.5,1.1,0.8,0.2,0.9,2.0,7.3
95,SG,27,28,9,27.7,2.8,6.5,0.429,1.1,3.1,0.345,1.7,3.4,0.505,0.511,1.7,2.1,0.8140000000000001,0.9,3.0,3.9,3.9,1.9,0.4,1.4,2.4,8.4
229,SG,22,38,10,32.9,7.6,17.8,0.43,2.6,6.8,0.38799999999999996,5.0,11.0,0.456,0.504,2.8,3.2,0.8759999999999999,0.7,4.2,4.9,4.0,0.6,0.2,2.8,1.4,20.7
140,SG,22,40,6,21.7,2.9,5.3,0.54,0.8,1.9,0.44,2.1,3.5,0.594,0.617,0.6,1.0,0.575,0.4,2.1,2.4,1.8,0.6,0.4,1.1,1.9,7.2
73,SG,23,3,2,27.7,3.0,8.3,0.36,2.0,5.0,0.4,1.0,3.3,0.3,0.48,1.7,2.0,0.833,0.3,4.3,4.7,1.3,0.7,0.0,0.0,2.3,9.7
192,SG,33,40,29,29.5,5.2,10.3,0.506,2.4,5.2,0.452,2.9,5.1,0.561,0.62,2.0,2.7,0.738,0.2,1.7,1.9,3.2,0.6,0.4,2.1,1.1,14.8
53,SG,29,28,26,28.7,4.4,10.8,0.41200000000000003,2.2,6.3,0.354,2.2,4.5,0.49200000000000005,0.515,1.0,1.3,0.7709999999999999,0.3,3.4,3.8,2.6,0.7,0.2,1.0,1.9,12.0
551,SG,23,42,6,22.7,4.0,10.5,0.385,1.5,4.9,0.295,2.6,5.6,0.46399999999999997,0.45399999999999996,1.6,1.9,0.825,0.2,2.5,2.7,2.3,0.6,0.3,1.0,1.4,11.1
321,SG,27,32,32,30.6,7.0,15.7,0.447,1.6,5.0,0.325,5.4,10.7,0.504,0.499,2.8,3.4,0.8,0.7,2.9,3.6,4.1,1.0,0.5,1.8,2.3,18.4
20,SG,21,7,0,2.9,0.1,0.9,0.16699999999999998,0.0,0.1,0.0,0.1,0.7,0.2,0.16699999999999998,0.0,0.0,0.0,0.1,0.3,0.4,0.6,0.0,0.0,0.0,0.0,0.3
72,SG,24,8,1,14.4,0.6,3.0,0.20800000000000002,0.1,1.0,0.125,0.5,2.0,0.25,0.22899999999999998,0.8,0.9,0.857,1.3,1.9,3.1,0.4,0.6,0.4,0.5,1.4,2.1
488,SG,24,40,7,20.2,2.4,6.5,0.37200000000000005,1.6,4.5,0.35,0.9,2.0,0.42,0.49200000000000005,1.1,1.3,0.843,0.2,1.8,2.0,1.6,0.5,0.1,0.6,1.2,7.5
537,SG,24,3,0,9.7,0.3,0.7,0.5,0.3,0.7,0.5,0.0,0.0,0.0,0.75,1.0,1.3,0.75,0.3,1.0,1.3,1.3,0.3,0.0,0.0,1.0,2.0
178,SG,23,12,0,10.7,0.4,1.8,0.23800000000000002,0.1,0.3,0.25,0.3,1.4,0.235,0.262,0.2,0.4,0.4,0.8,1.2,1.9,0.6,0.4,0.3,0.2,1.3,1.1
209,SG,20,42,1,19.4,2.5,6.7,0.382,0.9,2.5,0.364,1.6,4.1,0.39299999999999996,0.452,1.1,1.9,0.608,0.3,2.6,2.9,2.4,0.7,0.2,1.3,1.5,7.2
232,SG,35,38,15,25.7,2.5,5.8,0.436,0.9,2.8,0.308,1.7,3.0,0.5579999999999999,0.511,1.1,1.1,0.9520000000000001,0.8,2.4,3.2,2.5,0.7,0.1,0.9,1.4,7.0
473,SG,30,39,0,25.4,4.0,9.8,0.406,1.4,4.5,0.31,2.6,5.4,0.486,0.47700000000000004,2.3,2.7,0.867,0.4,2.4,2.7,2.1,0.5,0.2,1.4,1.3,11.7
521,SG,25,7,0,4.0,0.1,1.3,0.111,0.0,0.9,0.0,0.1,0.4,0.33299999999999996,0.111,0.3,0.3,1.0,0.3,0.4,0.7,0.7,0.0,0.0,0.4,0.1,0.6
40,SG,28,37,37,36.0,8.9,19.7,0.455,1.6,5.4,0.303,7.3,14.2,0.512,0.49700000000000005,4.2,5.0,0.8320000000000001,1.0,3.7,4.7,6.5,0.9,0.4,3.4,2.4,23.7
364,SG,28,28,4,17.2,2.9,7.0,0.41600000000000004,2.3,5.6,0.39899999999999997,0.7,1.4,0.48700000000000004,0.5760000000000001,0.7,0.9,0.792,0.3,1.1,1.4,0.8,0.4,0.1,0.8,1.5,8.8
277,SG,40,1,0,2.0,1.0,1.0,1.0,0.0,0.0,0.0,1.0,1.0,1.0,1.0,0.0,0.0,0.0,0.0,0.0,0.0,0.0,0.0,0.0,0.0,0.0,2.0
